instance;node;xcoor;ycoor;storage_cap;holding_cost;out_of_stock;demand_mean;demand_std
SIRP_C1M2GUH0_1;0;0;0;0;0.000000;0.000000;0.000000;0.000000
SIRP_C1M2GUH0_1;1;679;690;120;0.000000;26.296079;2.680000;1.550000
SIRP_C1M2GUH0_1;2;644;-389;73;0.000000;89.086385;2.430000;1.480000
SIRP_C1M2GUH0_1;3;751;-246;95;0.000000;30.896852;0.950000;0.920000
SIRP_C1M2GUH0_1;4;908;-604;144;0.000000;47.571647;0.750000;0.820000
SIRP_C1M2GUH0_1;5;-447;159;143;0.000000;12.587334;1.540000;1.180000
SIRP_C1M2GUH0_1;6;-107;-669;61;0.000000;47.346955;2.710000;1.560000
SIRP_C1M2GUH0_1;7;-236;-746;117;0.000000;116.423070;1.950000;1.320000
SIRP_C1M2GUH0_1;8;790;-114;144;0.000000;117.667830;2.340000;1.450000
SIRP_C1M2GUH0_1;9;-466;151;102;0.000000;91.898304;1.080000;0.990000
SIRP_C1M2GUH0_1;10;284;-643;124;0.000000;10.380007;1.810000;1.280000
SIRP_C3M2GUH0_6;0;0;0;0;0.000000;0.000000;0.000000;0.000000
SIRP_C3M2GUH0_6;1;366;767;109;0.000000;31.157596;1.800000;1.270000
SIRP_C3M2GUH0_6;2;-446;-113;56;0.000000;46.259155;1.710000;1.240000
SIRP_C3M2GUH0_6;3;464;4;58;0.000000;102.305767;2.340000;1.450000
SIRP_C3M2GUH0_6;4;-867;-358;74;0.000000;73.152558;2.720000;1.560000
SIRP_C3M2GUH0_6;5;-727;809;113;0.000000;102.807918;2.290000;1.440000
SIRP_C3M2GUH0_6;6;-353;987;109;0.000000;72.778767;2.870000;1.610000
SIRP_C3M2GUH0_6;7;62;-82;132;0.000000;84.497672;2.010000;1.340000
SIRP_C3M2GUH0_6;8;-509;-454;95;0.000000;71.031482;2.600000;1.530000
SIRP_C3M2GUH0_6;9;-742;984;84;0.000000;33.346740;2.020000;1.350000
SIRP_C3M2GUH0_6;10;-772;174;55;0.000000;63.960777;1.870000;1.300000
SIRP_C3M2GUH0_6;11;-250;595;150;0.000000;47.889221;2.550000;1.510000
SIRP_C3M2GUH0_6;12;-873;458;113;0.000000;35.185966;1.620000;1.210000
SIRP_C3M2GUH0_6;13;109;8;59;0.000000;44.754493;2.610000;1.530000
SIRP_C3M2GUH0_6;14;-940;761;121;0.000000;111.174518;1.140000;1.010000
SIRP_C3M2GUH0_6;15;65;996;85;0.000000;115.906655;2.940000;1.630000
SIRP_C3M2GUH0_6;16;-351;-544;149;0.000000;116.476316;2.330000;1.450000
SIRP_C3M2GUH0_6;17;-920;-457;149;0.000000;69.915052;0.990000;0.940000
SIRP_C3M2GUH0_6;18;-955;460;51;0.000000;40.302136;2.210000;1.410000
SIRP_C3M2GUH0_6;19;192;-762;60;0.000000;50.161657;1.220000;1.050000
SIRP_C3M2GUH0_6;20;457;74;87;0.000000;42.632760;0.740000;0.820000
SIRP_C3M2GUH0_6;21;-632;57;102;0.000000;115.837200;0.830000;0.860000
SIRP_C3M2GUH0_6;22;169;107;140;0.000000;105.008223;1.580000;1.190000
SIRP_C2M2GCH0_1;0;0;0;0;0.000000;0.000000;0.000000;0.000000
SIRP_C2M2GCH0_1;1;318;841;69;0.000000;54.860485;1.570000;1.190000
SIRP_C2M2GCH0_1;2;-274;51;76;0.000000;103.644627;1.160000;1.020000
SIRP_C2M2GCH0_1;3;323;688;106;0.000000;28.355000;2.540000;1.510000
SIRP_C2M2GCH0_1;4;304;739;128;0.000000;20.811976;1.160000;1.020000
SIRP_C2M2GCH0_1;5;236;-588;122;0.000000;113.371654;1.900000;1.310000
SIRP_C2M2GCH0_1;6;-264;95;132;0.000000;11.199649;0.600000;0.730000
SIRP_C2M2GCH0_1;7;-440;17;121;0.000000;33.227605;2.680000;1.550000
SIRP_C2M2GCH0_1;8;243;-660;90;0.000000;12.298416;0.960000;0.930000
SIRP_C2M2GCH0_1;9;202;778;91;0.000000;59.747512;2.150000;1.390000
SIRP_C2M2GCH0_1;10;215;782;67;0.000000;86.478962;2.980000;1.640000
SIRP_C2M2GCH0_1;11;-323;96;139;0.000000;34.326862;1.050000;0.970000
SIRP_C2M2GCH0_1;12;328;664;89;0.000000;24.046094;2.240000;1.420000
SIRP_C2M2GCH0_1;13;288;696;145;0.000000;65.282422;0.680000;0.780000
SIRP_C2M2GCH0_1;14;352;-653;60;0.000000;33.507757;2.800000;1.590000
SIRP_C2M2GUHP_8;11;167;-723;83;3.552674;63.533452;0.920000;0.910000
SIRP_C2M2GUHP_8;12;524;757;52;3.177292;71.436049;1.060000;0.980000
SIRP_C2M2GUHP_8;13;-577;171;86;4.367755;113.158099;2.290000;1.440000
SIRP_C2M2GUHP_8;14;-963;-887;143;1.147455;41.263663;2.030000;1.350000
SIRP_C2M2GUHP_8;15;405;-704;50;3.533750;48.686345;2.980000;1.640000
SIRP_C2M2GUHP_8;16;-196;259;67;1.537786;85.991740;1.360000;1.110000
SIRP_C2M2GUHP_8;17;-169;-513;145;4.910030;51.289124;1.750000;1.250000
SIRP_C2M2GUHP_8;18;-686;997;120;1.649244;44.901195;0.950000;0.920000
SIRP_C1M2GUH0_2;0;0;0;0;0.000000;0.000000;0.000000;0.000000
SIRP_C1M2GUH0_2;1;-525;-755;71;0.000000;11.412636;0.800000;0.850000
SIRP_C1M2GUH0_2;2;788;22;88;0.000000;16.697894;2.050000;1.360000
SIRP_C1M2GUH0_2;3;-557;509;51;0.000000;58.962514;0.530000;0.690000
SIRP_C1M2GUH0_2;4;642;548;69;0.000000;52.691049;1.730000;1.250000
SIRP_C1M2GUH0_2;5;136;371;79;0.000000;97.898537;2.430000;1.480000
SIRP_C1M2GUH0_2;6;-620;-473;94;0.000000;29.743332;2.920000;1.620000
SIRP_C1M2GUH0_2;7;205;-112;119;0.000000;11.288009;2.810000;1.590000
SIRP_C1M2GUH0_2;8;61;876;93;0.000000;88.356812;1.870000;1.300000
SIRP_C1M2GUH0_2;9;963;-735;70;0.000000;33.688582;1.410000;1.130000
SIRP_C3M2GUH0_7;0;0;0;0;0.000000;0.000000;0.000000;0.000000
SIRP_C3M2GUH0_7;1;343;-100;69;0.000000;115.689829;1.920000;1.310000
SIRP_C3M2GUH0_7;2;-651;423;74;0.000000;74.810222;1.380000;1.110000
SIRP_C3M2GUH0_7;3;-144;-378;76;0.000000;61.521844;0.690000;0.790000
SIRP_C3M2GUH0_7;4;46;-908;106;0.000000;54.151051;1.210000;1.040000
SIRP_C3M2GUH0_7;5;383;740;82;0.000000;74.218615;1.160000;1.020000
SIRP_C3M2GUH0_7;6;-520;560;128;0.000000;82.710027;2.320000;1.440000
SIRP_C3M2GUH0_7;7;-791;-905;51;0.000000;119.169986;2.280000;1.430000
SIRP_C3M2GUH0_7;8;671;-74;86;0.000000;26.455789;0.550000;0.700000
SIRP_C3M2GUH0_7;9;816;-347;58;0.000000;45.780897;2.590000;1.530000
SIRP_C3M2GUH0_7;10;429;344;112;0.000000;108.312040;0.770000;0.830000
SIRP_C3M2GUH0_7;11;710;-358;59;0.000000;85.482293;1.500000;1.160000
SIRP_C3M2GUH0_7;12;875;432;118;0.000000;43.883308;1.560000;1.180000
SIRP_C3M2GUH0_7;13;-174;-907;100;0.000000;71.897824;0.570000;0.720000
SIRP_C3M2GUH0_7;14;-304;859;65;0.000000;16.902394;0.770000;0.830000
SIRP_C3M2GUH0_7;15;424;324;86;0.000000;26.530529;2.350000;1.450000
SIRP_C3M2GUH0_7;16;295;-185;63;0.000000;14.247413;2.220000;1.410000
SIRP_C3M2GUH0_7;17;-200;675;57;0.000000;103.024406;2.470000;1.490000
SIRP_C3M2GUH0_7;18;598;516;108;0.000000;24.972306;2.920000;1.620000
SIRP_C3M2GUH0_7;19;-722;-359;62;0.000000;50.970539;2.720000;1.560000
SIRP_C3M2GUH0_7;20;575;-816;98;0.000000;46.227885;1.250000;1.060000
SIRP_C3M2GUH0_7;21;-571;307;138;0.000000;86.629226;2.140000;1.390000
SIRP_C3M2GUH0_7;22;-369;-131;114;0.000000;18.049380;2.150000;1.390000
SIRP_C3M2GUH0_7;23;410;776;60;0.000000;10.989468;1.070000;0.980000
SIRP_C2M2GCH0_2;0;0;0;0;0.000000;0.000000;0.000000;0.000000
SIRP_C2M2GCH0_2;1;-170;-255;141;0.000000;22.044821;1.340000;1.100000
SIRP_C2M2GCH0_2;2;400;-830;85;0.000000;72.227814;1.630000;1.210000
SIRP_C2M2GCH0_2;3;-252;-266;142;0.000000;88.314282;2.930000;1.620000
SIRP_C2M2GCH0_2;4;-984;250;82;0.000000;10.268843;2.750000;1.570000
SIRP_C2M2GCH0_2;5;-837;189;65;0.000000;30.494148;0.630000;0.750000
SIRP_C2M2GCH0_2;6;-145;-278;92;0.000000;112.080452;2.830000;1.600000
SIRP_C2M2GCH0_2;7;414;-872;111;0.000000;64.238450;1.990000;1.340000
SIRP_C2M2GCH0_2;8;473;-755;70;0.000000;39.037096;0.860000;0.880000
SIRP_C2M2GCH0_2;9;535;-750;71;0.000000;77.248405;1.320000;1.090000
SIRP_C2M2GCH0_2;10;-195;-361;88;0.000000;53.375340;2.180000;1.400000
SIRP_C2M2GCH0_2;11;480;-891;108;0.000000;15.630405;2.840000;1.600000
SIRP_C2M2GCH0_2;12;-846;115;80;0.000000;114.948795;2.450000;1.480000
SIRP_C2M2GCH0_2;13;460;-858;120;0.000000;48.121127;1.360000;1.110000
SIRP_C2M2GCH0_2;14;-290;-423;86;0.000000;61.171197;1.710000;1.240000
SIRP_C2M2GCH0_2;15;-119;-405;112;0.000000;49.677517;2.430000;1.480000
SIRP_C2M2GCH0_2;16;399;-905;63;0.000000;98.991722;1.980000;1.330000
SIRP_C2M2GUHP_9;0;0;0;0;0.000000;0.000000;0.000000;0.000000
SIRP_C2M2GUHP_9;1;327;651;142;2.781289;117.930046;2.170000;1.400000
SIRP_C2M2GUHP_9;2;-616;-979;97;1.752703;112.890485;2.060000;1.360000
SIRP_C2M2GUHP_9;3;657;-769;89;1.679531;109.489436;2.990000;1.640000
SIRP_C2M2GUHP_9;4;715;22;128;3.164246;66.021679;0.540000;0.700000
SIRP_C2M2GUHP_9;5;-728;-287;84;2.643705;72.698266;2.290000;1.440000
SIRP_C2M2GUHP_9;6;-726;212;128;3.061984;76.588052;0.750000;0.820000
SIRP_C2M2GUHP_9;7;776;-774;113;3.945257;90.116108;1.890000;1.300000
SIRP_C2M2GUHP_9;8;99;512;147;1.665381;96.873764;1.140000;1.010000
SIRP_C2M2GUHP_9;9;550;93;114;2.064180;105.280970;1.410000;1.130000
SIRP_C2M2GUHP_9;10;918;-950;115;4.145652;76.524894;2.580000;1.520000
SIRP_C2M2GUHP_9;11;589;-880;74;2.228342;17.463037;1.310000;1.090000
SIRP_C2M2GUHP_9;12;-675;205;107;2.414824;88.560431;2.750000;1.570000
SIRP_C2M2GUHP_9;13;-645;932;94;4.607644;55.968385;2.070000;1.360000
SIRP_C2M2GUHP_9;14;449;-399;134;1.059966;66.536149;2.760000;1.580000
SIRP_C2M2GUHP_9;15;290;65;148;2.471014;92.992239;2.080000;1.370000
SIRP_C1M2GUH0_3;0;0;0;0;0.000000;0.000000;0.000000;0.000000
SIRP_C1M2GUH0_3;1;-837;13;69;0.000000;10.350346;1.760000;1.260000
SIRP_C1M2GUH0_3;2;-663;827;118;0.000000;64.567314;1.520000;1.170000
SIRP_C1M2GUH0_3;3;980;-313;61;0.000000;30.333994;2.480000;1.490000
SIRP_C1M2GUH0_3;4;-528;-584;116;0.000000;76.825092;2.890000;1.610000
SIRP_C1M2GUH0_3;5;-666;-667;139;0.000000;97.830933;1.540000;1.180000
SIRP_C3M2GUH0_8;0;0;0;0;0.000000;0.000000;0.000000;0.000000
SIRP_C3M2GUH0_8;1;210;-74;119;0.000000;90.044853;0.970000;0.930000
SIRP_C3M2GUH0_8;2;600;614;63;0.000000;10.064085;1.800000;1.270000
SIRP_C3M2GUH0_8;3;-425;-615;135;0.000000;113.432117;2.980000;1.640000
SIRP_C3M2GUH0_8;4;729;-875;106;0.000000;20.110606;2.050000;1.360000
SIRP_C3M2GUH0_8;5;-323;750;72;0.000000;17.944821;0.740000;0.820000
SIRP_C3M2GUH0_8;6;-378;-596;88;0.000000;73.472514;2.490000;1.500000
SIRP_C3M2GUH0_8;7;155;-861;71;0.000000;99.401807;2.350000;1.450000
SIRP_C3M2GUH0_8;8;252;583;133;0.000000;64.825579;2.400000;1.470000
SIRP_C3M2GUH0_8;9;-46;-817;105;0.000000;30.531436;2.060000;1.360000
SIRP_C3M2GUH0_8;10;703;830;62;0.000000;47.728176;2.680000;1.550000
SIRP_C3M2GUH0_8;11;545;55;101;0.000000;56.076335;1.730000;1.250000
SIRP_C3M2GUH0_8;12;76;-323;124;0.000000;78.561268;2.110000;1.380000
SIRP_C3M2GUH0_8;13;809;-180;147;0.000000;60.170847;2.570000;1.520000
SIRP_C3M2GUH0_8;14;-891;-203;147;0.000000;60.989957;1.520000;1.170000
SIRP_C3M2GUH0_8;15;445;9;141;0.000000;30.246817;0.580000;0.720000
SIRP_C3M2GUH0_8;16;-357;-355;60;0.000000;25.410242;0.880000;0.890000
SIRP_C3M2GUH0_8;17;-728;239;137;0.000000;76.047004;2.100000;1.370000
SIRP_C3M2GUH0_8;18;750;-281;120;0.000000;12.999648;2.370000;1.460000
SIRP_C3M2GUH0_8;19;411;-233;73;0.000000;37.420989;2.050000;1.360000
SIRP_C3M2GUH0_8;20;-343;429;124;0.000000;20.220671;2.580000;1.520000
SIRP_C3M2GUH0_8;21;653;-986;113;0.000000;34.504579;2.650000;1.540000
SIRP_C3M2GUH0_8;22;389;-693;85;0.000000;32.645442;1.650000;1.220000
SIRP_C3M2GUH0_8;23;-74;-692;96;0.000000;107.572858;2.510000;1.500000
SIRP_C3M2GUH0_8;24;85;775;58;0.000000;33.272354;0.950000;0.920000
SIRP_C2M2GCH0_3;0;0;0;0;0.000000;0.000000;0.000000;0.000000
SIRP_C2M2GCH0_3;1;-614;-590;139;0.000000;45.897031;0.540000;0.700000
SIRP_C2M2GCH0_3;2;-577;-530;98;0.000000;20.014674;1.130000;1.010000
SIRP_C2M2GCH0_3;3;-817;-757;108;0.000000;10.504212;2.560000;1.520000
SIRP_C2M2GCH0_3;4;-597;-510;65;0.000000;93.030810;2.660000;1.550000
SIRP_C2M2GCH0_3;5;-706;-546;77;0.000000;21.524421;0.540000;0.700000
SIRP_C2M2GCH0_3;6;-647;-228;144;0.000000;79.115096;1.030000;0.960000
SIRP_C2M2GCH0_3;7;-826;-600;132;0.000000;68.455472;1.320000;1.090000
SIRP_C2M2GCH0_3;8;-587;-624;74;0.000000;83.586039;1.700000;1.240000
SIRP_C2M2GCH0_3;9;-887;-708;115;0.000000;56.224835;2.370000;1.460000
SIRP_C2M2GCH0_3;10;-858;-618;129;0.000000;103.242367;1.070000;0.980000
SIRP_C2M2GCH0_3;11;-978;-617;125;0.000000;53.022776;1.460000;1.150000
SIRP_C2M2GCH0_3;12;-853;-611;74;0.000000;107.034873;2.650000;1.540000
SIRP_C2M2GCH0_3;13;-726;-219;58;0.000000;66.585349;2.010000;1.340000
SIRP_C2M2GCH0_3;14;-902;-717;104;0.000000;70.656295;1.550000;1.180000
SIRP_C2M2GCH0_3;15;-871;-789;87;0.000000;40.297672;0.840000;0.870000
SIRP_C2M2GUHP_10;0;0;0;0;0.000000;0.000000;0.000000;0.000000
SIRP_C2M2GUHP_10;1;-774;305;69;1.670476;53.965149;0.560000;0.710000
SIRP_C2M2GUHP_10;2;-554;567;78;4.608683;33.913622;1.410000;1.130000
SIRP_C2M2GUHP_10;3;827;701;104;1.139650;118.991104;1.880000;1.300000
SIRP_C2M2GUHP_10;4;973;313;52;4.580195;45.720374;1.370000;1.110000
SIRP_C2M2GUHP_10;5;-647;996;75;4.959876;48.582717;2.060000;1.360000
SIRP_C2M2GUHP_10;6;-414;-38;64;2.760633;15.666126;1.460000;1.150000
SIRP_C2M2GUHP_10;7;581;-534;107;4.184664;112.256886;2.620000;1.540000
SIRP_C2M2GUHP_10;8;900;-566;105;3.667632;72.309266;2.950000;1.630000
SIRP_C2M2GUHP_10;9;436;-625;67;1.482801;102.806570;1.080000;0.990000
SIRP_C2M2GUHP_10;10;-357;652;129;3.653035;94.157314;1.370000;1.110000
SIRP_C2M2GUHP_10;11;139;-715;132;4.748244;86.701454;1.220000;1.050000
SIRP_C2M2GUHP_10;12;467;227;76;1.663199;33.553253;2.220000;1.410000
SIRP_C1M2GUH0_4;0;0;0;0;0.000000;0.000000;0.000000;0.000000
SIRP_C1M2GUH0_4;1;-623;-945;115;0.000000;31.457093;2.230000;1.420000
SIRP_C1M2GUH0_4;2;-237;-324;138;0.000000;78.344379;2.180000;1.400000
SIRP_C1M2GUH0_4;3;-640;-192;103;0.000000;32.207834;2.500000;1.500000
SIRP_C1M2GUH0_4;4;-636;-636;91;0.000000;24.852833;1.150000;1.020000
SIRP_C1M2GUH0_4;5;170;392;65;0.000000;108.335724;1.570000;1.190000
SIRP_C1M2GUH0_4;6;686;61;58;0.000000;46.331686;1.410000;1.130000
SIRP_C1M2GUH0_4;7;829;-491;132;0.000000;42.153576;1.790000;1.270000
SIRP_C3M2GUH0_9;0;0;0;0;0.000000;0.000000;0.000000;0.000000
SIRP_C3M2GUH0_9;1;-769;898;101;0.000000;42.922639;2.190000;1.400000
SIRP_C3M2GUH0_9;2;-276;664;116;0.000000;19.748820;2.100000;1.370000
SIRP_C3M2GUH0_9;3;-777;-929;80;0.000000;77.463850;0.940000;0.920000
SIRP_C3M2GUH0_9;4;997;435;98;0.000000;50.257326;1.660000;1.220000
SIRP_C3M2GUH0_9;5;-328;862;111;0.000000;118.397338;1.130000;1.010000
SIRP_C3M2GUH0_9;6;-104;319;54;0.000000;35.751965;1.310000;1.090000
SIRP_C3M2GUH0_9;7;521;671;65;0.000000;52.980053;1.330000;1.090000
SIRP_C3M2GUH0_9;8;-400;-944;121;0.000000;82.427538;2.770000;1.580000
SIRP_C3M2GUH0_9;9;-402;-487;83;0.000000;24.768753;0.970000;0.930000
SIRP_C3M2GUH0_9;10;906;888;96;0.000000;26.513724;1.490000;1.160000
SIRP_C3M2GUH0_9;11;613;702;77;0.000000;19.748134;2.450000;1.480000
SIRP_C3M2GUH0_9;12;686;521;53;0.000000;103.261655;0.700000;0.790000
SIRP_C3M2GUH0_9;13;-846;965;84;0.000000;96.448978;2.440000;1.480000
SIRP_C3M2GUH0_9;14;545;334;147;0.000000;23.033221;2.760000;1.580000
SIRP_C3M2GUH0_9;15;527;395;126;0.000000;40.897078;2.050000;1.360000
SIRP_C3M2GUH0_9;16;-404;913;136;0.000000;82.907549;2.810000;1.590000
SIRP_C3M2GUH0_9;17;443;650;116;0.000000;16.375236;1.640000;1.210000
SIRP_C3M2GUH0_9;18;919;764;141;0.000000;16.670322;2.450000;1.480000
SIRP_C3M2GUH0_9;19;169;980;120;0.000000;30.774540;2.990000;1.640000
SIRP_C3M2GUH0_9;20;470;-298;54;0.000000;95.429266;1.740000;1.250000
SIRP_C3M2GUH0_9;21;-642;-928;126;0.000000;37.318488;1.630000;1.210000
SIRP_C3M2GUH0_9;22;-48;-296;114;0.000000;92.185336;2.880000;1.610000
SIRP_C3M2GUH0_9;23;84;-572;112;0.000000;27.977490;2.240000;1.420000
SIRP_C2M2GCH0_4;0;0;0;0;0.000000;0.000000;0.000000;0.000000
SIRP_C2M2GCH0_4;1;500;-911;104;0.000000;105.725953;0.800000;0.850000
SIRP_C2M2GCH0_4;2;604;34;96;0.000000;84.177075;1.530000;1.170000
SIRP_C2M2GCH0_4;3;527;-970;149;0.000000;77.074999;0.540000;0.700000
SIRP_C2M2GCH0_4;4;391;-465;135;0.000000;14.791970;2.640000;1.540000
SIRP_C2M2GCH0_4;5;534;-13;96;0.000000;67.627836;2.630000;1.540000
SIRP_C2M2GCH0_4;6;540;59;80;0.000000;102.900796;0.710000;0.800000
SIRP_C2M2GCH0_4;7;435;-913;88;0.000000;56.287994;1.390000;1.120000
SIRP_C2M2GCH0_4;8;435;-381;59;0.000000;113.567894;1.120000;1.000000
SIRP_C2M2GCH0_4;9;534;-951;110;0.000000;51.086867;2.130000;1.380000
SIRP_C2M2GCH0_4;10;605;-978;76;0.000000;56.614049;1.780000;1.270000
SIRP_C2M2GCH0_4;11;360;-367;52;0.000000;98.070183;1.890000;1.300000
SIRP_C2M2GCH0_4;12;488;-918;144;0.000000;57.796061;2.650000;1.540000
SIRP_C2M2GCH0_4;13;530;-939;77;0.000000;31.678908;1.930000;1.320000
SIRP_C2M2GCH0_4;14;629;-991;91;0.000000;78.296445;1.930000;1.320000
SIRP_C2M2GCH0_4;15;497;-920;102;0.000000;20.071044;2.320000;1.440000
SIRP_C2M2GCH0_4;16;458;-390;131;0.000000;21.770352;1.080000;0.990000
SIRP_C2M2GCH0_4;17;390;-314;88;0.000000;78.455832;2.360000;1.460000
SIRP_C1M2GUH0_5;0;0;0;0;0.000000;0.000000;0.000000;0.000000
SIRP_C1M2GUH0_5;1;-861;-681;97;0.000000;91.094317;2.190000;1.400000
SIRP_C1M2GUH0_5;2;-240;802;101;0.000000;62.844597;2.060000;1.360000
SIRP_C1M2GUH0_5;3;451;300;89;0.000000;39.164244;2.830000;1.600000
SIRP_C1M2GUH0_5;4;-928;-437;107;0.000000;13.228794;0.580000;0.720000
SIRP_C1M2GUH0_5;5;528;-91;128;0.000000;47.957861;2.010000;1.340000
SIRP_C3M2GUH0_10;0;0;0;0;0.000000;0.000000;0.000000;0.000000
SIRP_C3M2GUH0_10;1;-990;991;118;0.000000;27.256938;2.020000;1.350000
SIRP_C3M2GUH0_10;2;-785;31;77;0.000000;115.531942;1.970000;1.330000
SIRP_C3M2GUH0_10;3;559;-50;115;0.000000;24.226141;2.450000;1.480000
SIRP_C3M2GUH0_10;4;731;39;78;0.000000;116.325916;0.750000;0.820000
SIRP_C3M2GUH0_10;5;328;-917;104;0.000000;97.726115;2.650000;1.540000
SIRP_C3M2GUH0_10;6;-715;687;150;0.000000;25.320236;2.350000;1.450000
SIRP_C3M2GUH0_10;7;-246;482;131;0.000000;15.606421;1.730000;1.250000
SIRP_C3M2GUH0_10;8;23;285;97;0.000000;84.288233;1.750000;1.250000
SIRP_C3M2GUH0_10;9;990;428;115;0.000000;20.078833;0.520000;0.680000
SIRP_C3M2GUH0_10;10;-891;655;79;0.000000;44.075049;2.700000;1.560000
SIRP_C3M2GUH0_10;11;450;-113;143;0.000000;21.280178;2.490000;1.500000
SIRP_C3M2GUH0_10;12;-986;171;123;0.000000;71.312853;0.690000;0.790000
SIRP_C3M2GUH0_10;13;854;-507;58;0.000000;17.327782;2.090000;1.370000
SIRP_C3M2GUH0_10;14;-732;140;139;0.000000;73.106818;2.440000;1.480000
SIRP_C3M2GUH0_10;15;426;332;65;0.000000;109.090090;0.510000;0.680000
SIRP_C3M2GUH0_10;16;-729;152;77;0.000000;70.482438;2.700000;1.560000
SIRP_C3M2GUH0_10;17;-770;-600;148;0.000000;109.684853;2.250000;1.420000
SIRP_C3M2GUH0_10;18;-209;-431;65;0.000000;99.197485;1.630000;1.210000
SIRP_C3M2GUH0_10;19;-735;-919;55;0.000000;45.938656;2.870000;1.610000
SIRP_C3M2GUH0_10;20;-32;-139;57;0.000000;11.773961;2.560000;1.520000
SIRP_C3M2GUH0_10;21;239;184;93;0.000000;28.524473;1.660000;1.220000
SIRP_C3M2GUH0_10;22;-124;-276;141;0.000000;88.744231;1.560000;1.180000
SIRP_C3M2GUH0_10;23;-711;370;121;0.000000;82.012411;2.020000;1.350000
SIRP_C3M2GUH0_10;24;928;-214;134;0.000000;20.031976;1.880000;1.300000
SIRP_C3M2GUH0_10;25;962;-38;112;0.000000;78.563552;2.880000;1.610000
SIRP_C3M2GUH0_10;26;575;-587;115;0.000000;51.223515;0.940000;0.920000
SIRP_C2M2GCH0_5;0;0;0;0;0.000000;0.000000;0.000000;0.000000
SIRP_C2M2GCH0_5;1;291;851;97;0.000000;43.925770;1.080000;0.990000
SIRP_C2M2GCH0_5;2;237;991;148;0.000000;113.891572;1.010000;0.950000
SIRP_C2M2GCH0_5;3;772;-222;92;0.000000;42.728209;2.800000;1.590000
SIRP_C2M2GCH0_5;4;941;-348;145;0.000000;14.716542;0.880000;0.890000
SIRP_C2M2GCH0_5;5;246;990;112;0.000000;89.858980;1.330000;1.090000
SIRP_C2M2GCH0_5;6;769;-158;114;0.000000;65.131768;2.310000;1.440000
SIRP_C2M2GCH0_5;7;205;999;87;0.000000;46.704599;0.570000;0.720000
SIRP_C2M2GCH0_5;8;960;-177;105;0.000000;117.078745;1.250000;1.060000
SIRP_C2M2GCH0_5;9;249;881;95;0.000000;41.591814;1.630000;1.210000
SIRP_C2M2GCH0_5;10;923;-227;69;0.000000;90.487894;1.630000;1.210000
SIRP_C2M2GCH0_5;11;239;932;99;0.000000;82.227107;2.760000;1.580000
SIRP_C2M2GCH0_5;12;346;912;90;0.000000;38.441431;2.630000;1.540000
SIRP_C2M2GCH0_5;13;261;922;120;0.000000;118.386168;2.580000;1.520000
SIRP_C1M2GUH0_6;0;0;0;0;0.000000;0.000000;0.000000;0.000000
SIRP_C1M2GUH0_6;1;4;-628;150;0.000000;35.547076;0.600000;0.730000
SIRP_C1M2GUH0_6;2;-442;-285;55;0.000000;56.672096;0.750000;0.820000
SIRP_C1M2GUH0_6;3;-573;846;103;0.000000;11.524173;0.870000;0.880000
SIRP_C1M2GUH0_6;4;-386;485;74;0.000000;22.503324;1.020000;0.960000
SIRP_C1M2GUH0_6;5;-355;733;70;0.000000;66.539588;1.920000;1.310000
SIRP_C1M2GUH0_6;6;-205;-846;60;0.000000;97.044160;1.400000;1.120000
SIRP_C1M2GUH0_6;7;263;-384;68;0.000000;47.512946;2.940000;1.630000
SIRP_C2M1GUH0_1;0;0;0;0;0.000000;0.000000;0.000000;0.000000
SIRP_C2M1GUH0_1;1;-425;481;102;0.000000;25.771697;2.670000;1.550000
SIRP_C2M1GUH0_1;2;-510;-983;87;0.000000;96.744781;2.160000;1.390000
SIRP_C2M1GUH0_1;3;9;186;74;0.000000;38.855539;0.920000;0.910000
SIRP_C2M1GUH0_1;4;-233;-801;82;0.000000;72.525148;1.850000;1.290000
SIRP_C2M1GUH0_1;5;-30;-68;62;0.000000;15.860834;1.410000;1.130000
SIRP_C2M1GUH0_1;6;22;192;112;0.000000;73.927284;0.890000;0.890000
SIRP_C2M1GUH0_1;7;-726;-496;127;0.000000;41.671787;1.520000;1.170000
SIRP_C2M1GUH0_1;8;171;545;134;0.000000;14.607806;1.830000;1.280000
SIRP_C2M1GUH0_1;9;903;-476;83;0.000000;11.643305;2.140000;1.390000
SIRP_C2M1GUH0_1;10;287;773;89;0.000000;36.247699;2.710000;1.560000
SIRP_C2M1GUH0_1;11;261;-196;126;0.000000;66.755621;1.180000;1.030000
SIRP_C2M1GUH0_1;12;130;406;85;0.000000;92.749480;2.970000;1.630000
SIRP_C2M1GUH0_1;13;930;-76;130;0.000000;13.371582;1.420000;1.130000
SIRP_C2M1GUH0_1;14;858;-345;141;0.000000;65.809321;2.120000;1.380000
SIRP_C2M1GUH0_1;15;836;-810;142;0.000000;46.866354;1.490000;1.160000
SIRP_C2M1GUH0_1;16;54;252;52;0.000000;76.791255;1.620000;1.210000
SIRP_C2M1GUH0_1;17;-112;-895;130;0.000000;87.167660;2.220000;1.410000
SIRP_C2M1GUH0_1;18;-899;-41;67;0.000000;19.260048;2.350000;1.450000
SIRP_C2M2GCH0_6;0;0;0;0;0.000000;0.000000;0.000000;0.000000
SIRP_C2M2GCH0_6;1;276;355;72;0.000000;54.285460;2.150000;1.390000
SIRP_C2M2GCH0_6;2;375;499;63;0.000000;107.708545;1.610000;1.200000
SIRP_C2M2GCH0_6;3;318;350;56;0.000000;83.271474;2.630000;1.540000
SIRP_C2M2GCH0_6;4;40;-65;102;0.000000;95.055124;1.460000;1.150000
SIRP_C2M2GCH0_6;5;371;457;57;0.000000;112.151745;0.530000;0.690000
SIRP_C2M2GCH0_6;6;163;-147;120;0.000000;14.096852;1.270000;1.070000
SIRP_C2M2GCH0_6;7;145;-130;73;0.000000;93.311720;2.190000;1.400000
SIRP_C2M2GCH0_6;8;258;475;104;0.000000;22.218408;1.910000;1.310000
SIRP_C2M2GCH0_6;9;224;491;95;0.000000;16.480402;1.130000;1.010000
SIRP_C2M2GCH0_6;10;185;-156;149;0.000000;33.437114;1.680000;1.230000
SIRP_C2M2GCH0_6;11;266;431;120;0.000000;117.001500;1.070000;0.980000
SIRP_C2M2GCH0_6;12;50;-4;61;0.000000;95.270683;0.730000;0.810000
SIRP_C1M2GUH0_7;0;0;0;0;0.000000;0.000000;0.000000;0.000000
SIRP_C1M2GUH0_7;1;784;-813;91;0.000000;82.881162;2.500000;1.500000
SIRP_C1M2GUH0_7;2;-808;80;125;0.000000;105.483246;0.810000;0.850000
SIRP_C1M2GUH0_7;3;-576;125;147;0.000000;48.888031;1.910000;1.310000
SIRP_C1M2GUH0_7;4;32;346;150;0.000000;99.789240;0.640000;0.760000
SIRP_C1M2GUH0_7;5;968;-161;70;0.000000;82.383138;0.770000;0.830000
SIRP_C1M2GUH0_7;6;73;-969;108;0.000000;11.874240;2.880000;1.610000
SIRP_C1M2GUH0_7;7;592;64;103;0.000000;61.726398;0.740000;0.820000
SIRP_C1M2GUH0_7;8;-690;205;106;0.000000;15.031292;0.940000;0.920000
SIRP_C2M1GUH0_2;0;0;0;0;0.000000;0.000000;0.000000;0.000000
SIRP_C2M1GUH0_2;1;541;-289;146;0.000000;107.904847;0.750000;0.820000
SIRP_C2M1GUH0_2;2;896;-350;64;0.000000;24.628197;1.250000;1.060000
SIRP_C2M1GUH0_2;3;79;-87;106;0.000000;40.572870;0.540000;0.700000
SIRP_C2M1GUH0_2;4;1000;935;59;0.000000;94.780738;1.900000;1.310000
SIRP_C2M1GUH0_2;5;-501;-384;72;0.000000;55.933801;2.850000;1.600000
SIRP_C2M1GUH0_2;6;946;-535;97;0.000000;22.866007;2.430000;1.480000
SIRP_C2M1GUH0_2;7;-242;-118;145;0.000000;108.471623;1.230000;1.050000
SIRP_C2M1GUH0_2;8;135;-319;125;0.000000;102.606832;2.750000;1.570000
SIRP_C2M1GUH0_2;9;402;-157;136;0.000000;93.556441;2.020000;1.350000
SIRP_C2M1GUH0_2;10;-121;76;87;0.000000;60.547403;2.780000;1.580000
SIRP_C2M1GUH0_2;11;-605;-769;142;0.000000;73.117703;1.050000;0.970000
SIRP_C2M1GUH0_2;12;951;549;138;0.000000;91.463253;2.960000;1.630000
SIRP_C2M1GUH0_2;13;-280;296;66;0.000000;52.802128;2.890000;1.610000
SIRP_C2M2GCH0_7;0;0;0;0;0.000000;0.000000;0.000000;0.000000
SIRP_C2M2GCH0_7;1;-873;214;68;0.000000;67.161079;1.340000;1.100000
SIRP_C2M2GCH0_7;2;-865;359;114;0.000000;116.911305;2.620000;1.540000
SIRP_C2M2GCH0_7;3;-179;-766;64;0.000000;72.395180;1.580000;1.190000
SIRP_C2M2GCH0_7;4;-215;-710;142;0.000000;95.360149;2.360000;1.460000
SIRP_C2M2GCH0_7;5;-865;320;96;0.000000;87.227472;0.850000;0.870000
SIRP_C2M2GCH0_7;6;-997;287;133;0.000000;12.620075;2.280000;1.430000
SIRP_C2M2GCH0_7;7;-142;-814;112;0.000000;23.312752;1.720000;1.240000
SIRP_C2M2GCH0_7;8;-249;-836;129;0.000000;107.490996;2.890000;1.610000
SIRP_C2M2GCH0_7;9;-976;262;144;0.000000;15.803723;1.560000;1.180000
SIRP_C2M2GCH0_7;10;-911;341;142;0.000000;57.986409;1.450000;1.140000
SIRP_C2M2GCH0_7;11;-984;184;106;0.000000;70.093980;1.270000;1.070000
SIRP_C2M2GCH0_7;12;-957;356;128;0.000000;104.580175;1.010000;0.950000
SIRP_C1M2GUH0_8;0;0;0;0;0.000000;0.000000;0.000000;0.000000
SIRP_C1M2GUH0_8;1;-557;75;78;0.000000;74.695149;2.750000;1.570000
SIRP_C1M2GUH0_8;2;-803;-58;92;0.000000;36.586047;1.880000;1.300000
SIRP_C1M2GUH0_8;3;22;-40;145;0.000000;119.320326;2.830000;1.600000
SIRP_C1M2GUH0_8;4;-880;-133;150;0.000000;118.970204;2.100000;1.370000
SIRP_C2M1GUH0_3;0;0;0;0;0.000000;0.000000;0.000000;0.000000
SIRP_C2M1GUH0_3;1;112;-633;103;0.000000;54.752132;2.420000;1.480000
SIRP_C2M1GUH0_3;2;-80;-145;50;0.000000;105.958775;2.720000;1.560000
SIRP_C2M1GUH0_3;3;399;-622;65;0.000000;20.713195;0.650000;0.760000
SIRP_C2M1GUH0_3;4;-415;155;148;0.000000;48.645652;2.200000;1.410000
SIRP_C2M1GUH0_3;5;-35;-201;134;0.000000;14.605233;2.310000;1.440000
SIRP_C2M1GUH0_3;6;775;-795;118;0.000000;113.111599;2.390000;1.470000
SIRP_C2M1GUH0_3;7;-667;-482;121;0.000000;77.695201;2.670000;1.550000
SIRP_C2M1GUH0_3;8;833;-570;109;0.000000;47.259684;1.670000;1.230000
SIRP_C2M1GUH0_3;9;-806;-256;103;0.000000;27.732938;2.120000;1.380000
SIRP_C2M1GUH0_3;10;-643;511;53;0.000000;108.009964;1.970000;1.330000
SIRP_C2M1GUH0_3;11;-542;123;128;0.000000;49.097150;1.600000;1.200000
SIRP_C2M1GUH0_3;12;101;-757;147;0.000000;23.840130;0.830000;0.860000
SIRP_C2M1GUH0_3;13;-365;-772;131;0.000000;61.555503;1.860000;1.290000
SIRP_C2M1GUH0_3;14;-37;-408;62;0.000000;49.974832;1.820000;1.280000
SIRP_C2M1GUH0_3;15;-878;-33;87;0.000000;100.049314;1.360000;1.110000
SIRP_C2M2GCH0_8;0;0;0;0;0.000000;0.000000;0.000000;0.000000
SIRP_C2M2GCH0_8;1;645;831;145;0.000000;54.602071;1.820000;1.280000
SIRP_C2M2GCH0_8;2;661;669;71;0.000000;101.270638;1.890000;1.300000
SIRP_C2M2GCH0_8;3;-784;-27;66;0.000000;66.756406;2.420000;1.480000
SIRP_C2M2GCH0_8;4;928;-434;116;0.000000;70.006781;2.000000;1.340000
SIRP_C2M2GCH0_8;5;856;-353;107;0.000000;109.519908;0.580000;0.720000
SIRP_C2M2GCH0_8;6;959;-379;68;0.000000;10.022599;2.250000;1.420000
SIRP_C2M2GCH0_8;7;632;839;121;0.000000;58.549954;1.320000;1.090000
SIRP_C2M2GCH0_8;8;867;-398;112;0.000000;98.150403;2.270000;1.430000
SIRP_C2M2GCH0_8;9;910;-268;111;0.000000;67.183459;2.160000;1.390000
SIRP_C2M2GCH0_8;10;646;692;132;0.000000;47.703748;2.510000;1.500000
SIRP_C2M2GCH0_8;11;881;-282;108;0.000000;21.621308;1.200000;1.040000
SIRP_C2M2GCH0_8;12;-843;52;118;0.000000;85.002698;1.590000;1.200000
SIRP_C2M2GCH0_8;13;965;-445;123;0.000000;77.179222;1.550000;1.180000
SIRP_C2M2GCH0_8;14;642;776;102;0.000000;24.372192;1.650000;1.220000
SIRP_C1M2GUH0_9;0;0;0;0;0.000000;0.000000;0.000000;0.000000
SIRP_C1M2GUH0_9;1;-68;739;62;0.000000;50.713436;0.770000;0.830000
SIRP_C1M2GUH0_9;2;554;-971;83;0.000000;85.793615;0.580000;0.720000
SIRP_C1M2GUH0_9;3;332;-601;122;0.000000;82.948293;2.780000;1.580000
SIRP_C1M2GUH0_9;4;-851;606;80;0.000000;71.841172;2.780000;1.580000
SIRP_C1M2GUH0_9;5;842;572;77;0.000000;81.574431;1.420000;1.130000
SIRP_C1M2GUH0_9;6;-858;148;85;0.000000;105.150690;1.500000;1.160000
SIRP_C2M1GUH0_4;0;0;0;0;0.000000;0.000000;0.000000;0.000000
SIRP_C2M1GUH0_4;1;-225;-804;150;0.000000;64.933456;1.290000;1.080000
SIRP_C2M1GUH0_4;2;43;212;82;0.000000;108.622308;2.210000;1.410000
SIRP_C2M1GUH0_4;3;510;-198;132;0.000000;50.083540;1.850000;1.290000
SIRP_C2M1GUH0_4;4;-383;642;92;0.000000;56.996961;2.050000;1.360000
SIRP_C2M1GUH0_4;5;689;-205;102;0.000000;34.513508;2.040000;1.350000
SIRP_C2M1GUH0_4;6;353;-799;128;0.000000;84.929674;1.860000;1.290000
SIRP_C2M1GUH0_4;7;439;728;62;0.000000;34.999951;1.130000;1.010000
SIRP_C2M1GUH0_4;8;219;-221;136;0.000000;87.046615;0.930000;0.910000
SIRP_C2M1GUH0_4;9;-862;-319;80;0.000000;17.645105;2.470000;1.490000
SIRP_C2M1GUH0_4;10;324;-412;139;0.000000;12.305471;2.670000;1.550000
SIRP_C2M1GUH0_4;11;774;-386;148;0.000000;77.754008;2.340000;1.450000
SIRP_C2M1GUH0_4;12;368;169;107;0.000000;113.869458;1.290000;1.080000
SIRP_C2M1GUH0_4;13;724;956;53;0.000000;50.687752;1.950000;1.320000
SIRP_C2M1GUH0_4;14;-703;922;73;0.000000;72.628152;1.110000;1.000000
SIRP_C2M1GUH0_4;15;-69;504;104;0.000000;65.180951;0.710000;0.800000
SIRP_C2M1GUH0_4;16;469;218;71;0.000000;41.114986;0.860000;0.880000
SIRP_C2M1GUH0_4;17;939;-981;133;0.000000;42.293915;2.740000;1.570000
SIRP_C2M1GUH0_4;18;-830;641;62;0.000000;41.919243;0.900000;0.900000
SIRP_C2M1GUH0_4;19;-581;-859;142;0.000000;98.696015;2.000000;1.340000
SIRP_C2M2GCH0_9;0;0;0;0;0.000000;0.000000;0.000000;0.000000
SIRP_C2M2GCH0_9;1;-609;-134;86;0.000000;115.578111;2.110000;1.380000
SIRP_C2M2GCH0_9;2;-646;-72;111;0.000000;104.889521;1.110000;1.000000
SIRP_C2M2GCH0_9;3;-586;-94;51;0.000000;94.751329;2.670000;1.550000
SIRP_C2M2GCH0_9;4;279;-471;109;0.000000;21.661798;1.050000;0.970000
SIRP_C2M2GCH0_9;5;384;-529;143;0.000000;22.602500;2.280000;1.430000
SIRP_C2M2GCH0_9;6;328;-656;132;0.000000;95.084995;1.310000;1.090000
SIRP_C2M2GCH0_9;7;301;-543;84;0.000000;92.827674;0.870000;0.880000
SIRP_C2M2GCH0_9;8;299;-856;123;0.000000;58.214978;0.640000;0.760000
SIRP_C2M2GCH0_9;9;376;-887;138;0.000000;82.497402;2.620000;1.540000
SIRP_C2M2GCH0_9;10;248;-646;111;0.000000;84.286775;1.930000;1.320000
SIRP_C2M2GCH0_9;11;345;-829;137;0.000000;85.494514;2.100000;1.370000
SIRP_C2M2GCH0_9;12;266;-578;58;0.000000;34.239992;0.720000;0.800000
SIRP_C2M2GCH0_9;13;298;-573;95;0.000000;115.465229;2.500000;1.500000
SIRP_C2M2GCH0_9;14;291;-922;65;0.000000;93.014527;0.920000;0.910000
SIRP_C2M2GCH0_9;15;-624;-215;89;0.000000;59.106907;0.510000;0.680000
SIRP_C2M2GCH0_9;16;-549;-65;70;0.000000;73.944302;2.170000;1.400000
SIRP_C2M2GCH0_9;17;-632;-79;138;0.000000;54.712242;0.790000;0.840000
SIRP_C1M2GUH0_10;0;0;0;0;0.000000;0.000000;0.000000;0.000000
SIRP_C1M2GUH0_10;1;-773;-329;128;0.000000;29.360413;1.330000;1.090000
SIRP_C1M2GUH0_10;2;-490;-91;99;0.000000;10.615912;2.080000;1.370000
SIRP_C1M2GUH0_10;3;-378;-131;83;0.000000;90.538867;2.480000;1.490000
SIRP_C1M2GUH0_10;4;159;-745;123;0.000000;40.391052;1.260000;1.060000
SIRP_C1M2GUH0_10;5;-650;-554;131;0.000000;98.697525;2.320000;1.440000
SIRP_C2M1GUH0_5;0;0;0;0;0.000000;0.000000;0.000000;0.000000
SIRP_C2M1GUH0_5;1;-611;-787;67;0.000000;119.108553;2.450000;1.480000
SIRP_C2M1GUH0_5;2;-817;938;100;0.000000;87.657359;1.270000;1.070000
SIRP_C2M1GUH0_5;3;49;-979;140;0.000000;68.035487;2.590000;1.530000
SIRP_C2M1GUH0_5;4;-588;517;87;0.000000;73.500425;1.380000;1.110000
SIRP_C2M1GUH0_5;5;814;158;92;0.000000;108.143046;2.580000;1.520000
SIRP_C2M1GUH0_5;6;825;-227;109;0.000000;104.328204;2.250000;1.420000
SIRP_C2M1GUH0_5;7;784;323;92;0.000000;14.731569;1.750000;1.250000
SIRP_C2M1GUH0_5;8;90;804;141;0.000000;45.005225;2.420000;1.480000
SIRP_C2M1GUH0_5;9;-82;187;136;0.000000;10.997573;2.470000;1.490000
SIRP_C2M1GUH0_5;10;365;344;84;0.000000;56.440297;1.050000;0.970000
SIRP_C2M1GUH0_5;11;-170;257;61;0.000000;87.618732;2.750000;1.570000
SIRP_C2M1GUH0_5;12;154;-598;126;0.000000;52.820972;1.350000;1.100000
SIRP_C2M1GUH0_5;13;-873;923;142;0.000000;71.913709;0.660000;0.770000
SIRP_C2M1GUH0_5;14;125;-987;111;0.000000;27.982496;2.980000;1.640000
SIRP_C2M1GUH0_5;15;147;382;86;0.000000;32.598397;2.980000;1.640000
SIRP_C2M1GUH0_5;16;-556;-817;71;0.000000;46.516333;2.160000;1.390000
SIRP_C2M1GUH0_5;17;-631;-74;149;0.000000;38.066834;0.610000;0.740000
SIRP_C2M2GCH0_10;0;0;0;0;0.000000;0.000000;0.000000;0.000000
SIRP_C2M2GCH0_10;1;-558;953;81;0.000000;35.721311;2.780000;1.580000
SIRP_C2M2GCH0_10;2;491;561;101;0.000000;116.972624;1.980000;1.330000
SIRP_C2M2GCH0_10;3;95;544;136;0.000000;41.364140;1.590000;1.200000
SIRP_C2M2GCH0_10;4;429;655;122;0.000000;79.252399;1.490000;1.160000
SIRP_C2M2GCH0_10;5;427;671;130;0.000000;62.603503;1.110000;1.000000
SIRP_C2M2GCH0_10;6;414;477;148;0.000000;12.765384;2.120000;1.380000
SIRP_C2M2GCH0_10;7;240;583;85;0.000000;94.111587;1.970000;1.330000
SIRP_C2M2GCH0_10;8;255;561;72;0.000000;14.702934;1.610000;1.200000
SIRP_C2M2GCH0_10;9;-572;930;116;0.000000;50.515100;2.440000;1.480000
SIRP_C2M2GCH0_10;10;-415;910;86;0.000000;110.675516;2.960000;1.630000
SIRP_C2M2GCH0_10;11;82;628;95;0.000000;111.566874;1.630000;1.210000
SIRP_C2M2GCH0_10;12;-483;995;56;0.000000;76.084853;1.110000;1.000000
SIRP_C2M2GCH0_10;13;-506;910;104;0.000000;99.035866;2.430000;1.480000
SIRP_C2M2GCH0_10;14;449;656;137;0.000000;20.262437;2.210000;1.410000
SIRP_C2M2GCH0_10;15;399;538;95;0.000000;54.255810;2.300000;1.440000
SIRP_C2M2GUH0_1;0;0;0;0;0.000000;0.000000;0.000000;0.000000
SIRP_C2M2GUH0_1;1;149;-488;101;0.000000;27.452898;0.900000;0.900000
SIRP_C2M2GUH0_1;2;-529;-812;132;0.000000;56.419791;2.200000;1.410000
SIRP_C2M2GUH0_1;3;884;625;131;0.000000;87.386514;2.780000;1.580000
SIRP_C2M2GUH0_1;4;-583;-486;143;0.000000;90.598736;1.470000;1.150000
SIRP_C2M2GUH0_1;5;880;146;134;0.000000;101.302079;1.280000;1.070000
SIRP_C2M2GUH0_1;6;-989;-967;106;0.000000;39.299318;2.070000;1.360000
SIRP_C2M2GUH0_1;7;-691;153;123;0.000000;44.618800;1.290000;1.080000
SIRP_C2M2GUH0_1;8;192;616;121;0.000000;55.399534;0.600000;0.730000
SIRP_C2M2GUH0_1;9;902;607;85;0.000000;53.160384;1.110000;1.000000
SIRP_C2M2GUH0_1;10;-727;-328;114;0.000000;20.196823;2.000000;1.340000
SIRP_C2M2GUH0_1;11;-564;-738;86;0.000000;52.873666;1.640000;1.210000
SIRP_C2M2GUH0_1;12;715;248;118;0.000000;80.662720;1.370000;1.110000
SIRP_C2M2GUH0_1;13;275;-373;59;0.000000;91.341732;1.480000;1.150000
SIRP_C2M2GUH0_1;14;44;-415;134;0.000000;35.286321;0.840000;0.870000
SIRP_C2M2GUH0_1;15;-941;-570;111;0.000000;78.274532;2.420000;1.480000
SIRP_C2M2GUH0_1;16;-122;-195;139;0.000000;92.621472;1.440000;1.140000
SIRP_C2M2GUH0_1;17;887;397;111;0.000000;27.107477;2.220000;1.410000
SIRP_C2M1GUH0_6;0;0;0;0;0.000000;0.000000;0.000000;0.000000
SIRP_C2M1GUH0_6;1;454;415;123;0.000000;85.377721;2.260000;1.430000
SIRP_C2M1GUH0_6;2;-732;723;147;0.000000;45.033189;1.660000;1.220000
SIRP_C2M1GUH0_6;3;634;965;146;0.000000;52.197815;0.930000;0.910000
SIRP_C2M1GUH0_6;4;-397;284;83;0.000000;22.409793;1.860000;1.290000
SIRP_C2M1GUH0_6;5;244;664;53;0.000000;88.095113;2.710000;1.560000
SIRP_C2M1GUH0_6;6;937;-251;58;0.000000;37.426883;1.240000;1.060000
SIRP_C2M1GUH0_6;7;-437;-168;90;0.000000;32.315835;1.520000;1.170000
SIRP_C2M1GUH0_6;8;-648;263;76;0.000000;108.511155;2.160000;1.390000
SIRP_C2M1GUH0_6;9;221;-370;126;0.000000;46.699558;1.380000;1.110000
SIRP_C2M1GUH0_6;10;332;340;109;0.000000;98.831490;2.120000;1.380000
SIRP_C2M1GUH0_6;11;-892;807;124;0.000000;16.391302;1.540000;1.180000
SIRP_C2M1GUH0_6;12;542;-84;63;0.000000;65.440278;0.910000;0.900000
SIRP_C2M2GUHP_1;0;0;0;0;0.000000;0.000000;0.000000;0.000000
SIRP_C2M2GUHP_1;1;-346;-151;98;4.563927;56.475452;2.060000;1.360000
SIRP_C2M2GUHP_1;2;-444;-94;72;2.101293;25.813284;0.880000;0.890000
SIRP_C2M2GUHP_1;3;569;-768;58;2.777702;26.640661;1.960000;1.330000
SIRP_C2M2GUHP_1;4;519;-965;68;1.605844;20.773834;2.360000;1.460000
SIRP_C2M2GUHP_1;5;914;197;119;3.349900;112.254262;1.760000;1.260000
SIRP_C2M2GUHP_1;6;-45;530;69;1.772902;93.006342;1.320000;1.090000
SIRP_C2M2GUHP_1;7;878;-848;94;4.758737;102.154442;2.170000;1.400000
SIRP_C2M2GUHP_1;8;-903;607;58;4.535387;77.109661;1.240000;1.060000
SIRP_C2M2GUHP_1;9;959;260;138;1.193580;15.109436;0.850000;0.870000
SIRP_C2M2GUHP_1;10;-564;-43;72;3.769714;26.885748;1.760000;1.260000
SIRP_C2M2GUHP_1;11;399;555;110;1.422554;26.870807;2.380000;1.460000
SIRP_C2M2GUHP_1;12;890;712;143;2.632030;15.249988;1.600000;1.200000
SIRP_C2M2GUHP_1;13;781;-379;116;2.374367;112.888626;1.010000;0.950000
SIRP_C2M2GUHP_1;14;179;-424;68;1.847602;80.610397;1.320000;1.090000
SIRP_C2M2GUHP_1;15;562;362;134;2.148873;77.494104;1.310000;1.090000
SIRP_C2M2GUHP_1;16;-120;597;139;1.704500;60.163057;2.220000;1.410000
SIRP_C2M2GUH0_2;0;0;0;0;0.000000;0.000000;0.000000;0.000000
SIRP_C2M2GUH0_2;1;-730;21;137;0.000000;69.209253;1.030000;0.960000
SIRP_C2M2GUH0_2;2;-76;417;146;0.000000;40.457876;1.140000;1.010000
SIRP_C2M2GUH0_2;3;-978;-46;65;0.000000;77.480909;1.400000;1.120000
SIRP_C2M2GUH0_2;4;546;-248;149;0.000000;73.035717;0.700000;0.790000
SIRP_C2M2GUH0_2;5;-528;-162;99;0.000000;48.138126;2.250000;1.420000
SIRP_C2M2GUH0_2;6;1000;-34;66;0.000000;53.087250;0.850000;0.870000
SIRP_C2M2GUH0_2;7;-539;263;97;0.000000;73.911594;2.350000;1.450000
SIRP_C2M2GUH0_2;8;40;-304;58;0.000000;74.757826;2.280000;1.430000
SIRP_C2M2GUH0_2;9;6;-395;75;0.000000;58.428129;0.610000;0.740000
SIRP_C2M2GUH0_2;10;694;987;134;0.000000;44.707830;2.560000;1.520000
SIRP_C2M2GUH0_2;11;218;-532;77;0.000000;38.062539;0.550000;0.700000
SIRP_C2M2GUH0_2;12;804;-150;50;0.000000;28.832841;0.860000;0.880000
SIRP_C2M2GUH0_2;13;-346;872;62;0.000000;41.893883;1.560000;1.180000
SIRP_C2M2GUH0_2;14;-801;-693;93;0.000000;16.691593;1.550000;1.180000
SIRP_C2M2GUH0_2;15;-620;93;83;0.000000;24.154022;0.930000;0.910000
SIRP_C2M2GUH0_2;16;-906;557;125;0.000000;68.060647;0.890000;0.890000
SIRP_C2M1GUH0_7;0;0;0;0;0.000000;0.000000;0.000000;0.000000
SIRP_C2M1GUH0_7;1;457;-837;103;0.000000;62.332527;0.630000;0.750000
SIRP_C2M1GUH0_7;2;-617;-120;90;0.000000;15.552883;0.620000;0.750000
SIRP_C2M1GUH0_7;3;-841;-301;79;0.000000;103.165638;2.460000;1.490000
SIRP_C2M1GUH0_7;4;-793;643;122;0.000000;83.506461;1.300000;1.080000
SIRP_C2M1GUH0_7;5;-590;-891;66;0.000000;117.225747;2.790000;1.580000
SIRP_C2M1GUH0_7;6;-798;-291;95;0.000000;23.862281;2.490000;1.500000
SIRP_C2M1GUH0_7;7;743;233;101;0.000000;65.093089;2.510000;1.500000
SIRP_C2M1GUH0_7;8;-953;167;84;0.000000;104.953063;2.930000;1.620000
SIRP_C2M1GUH0_7;9;-512;269;120;0.000000;98.916802;0.810000;0.850000
SIRP_C2M1GUH0_7;10;-885;181;148;0.000000;24.439607;2.060000;1.360000
SIRP_C2M1GUH0_7;11;136;975;141;0.000000;77.939988;2.190000;1.400000
SIRP_C2M1GUH0_7;12;-542;542;130;0.000000;11.433941;2.170000;1.400000
SIRP_C2M1GUH0_7;13;36;-380;83;0.000000;111.048959;0.680000;0.780000
SIRP_C2M1GUH0_7;14;-846;31;50;0.000000;47.942741;2.690000;1.560000
SIRP_C2M1GUH0_7;15;564;976;109;0.000000;76.724395;2.350000;1.450000
SIRP_C2M1GUH0_7;16;123;-286;80;0.000000;46.284641;1.800000;1.270000
SIRP_C2M1GUH0_7;17;977;-221;58;0.000000;108.534368;0.730000;0.810000
SIRP_C2M1GUH0_7;18;-764;-437;147;0.000000;35.548479;2.650000;1.540000
SIRP_C2M1GUH0_7;19;101;-128;71;0.000000;85.013718;1.060000;0.980000
SIRP_C2M2GUHP_2;0;0;0;0;0.000000;0.000000;0.000000;0.000000
SIRP_C2M2GUHP_2;1;-897;-253;120;1.775833;15.694351;2.780000;1.580000
SIRP_C2M2GUHP_2;2;-957;-350;100;1.150917;74.149085;2.730000;1.570000
SIRP_C2M2GUHP_2;3;-404;-653;77;2.698200;68.585201;1.950000;1.320000
SIRP_C2M2GUHP_2;4;789;-935;143;3.532632;104.584866;1.000000;0.950000
SIRP_C2M2GUHP_2;5;-615;188;74;4.104474;103.938834;2.990000;1.640000
SIRP_C2M2GUHP_2;6;-902;-708;64;1.391145;81.738555;1.480000;1.150000
SIRP_C2M2GUHP_2;7;938;-994;78;2.582974;59.818815;1.360000;1.110000
SIRP_C2M2GUHP_2;8;-469;-698;116;1.598414;22.764301;1.190000;1.030000
SIRP_C2M2GUHP_2;9;840;393;94;4.474748;41.994953;1.110000;1.000000
SIRP_C2M2GUHP_2;10;133;-940;60;2.614437;102.270864;0.590000;0.730000
SIRP_C2M2GUHP_2;11;-138;-56;145;3.038579;50.912166;1.470000;1.150000
SIRP_C2M2GUHP_2;12;523;-824;143;3.990076;95.933036;1.490000;1.160000
SIRP_C2M2GUHP_2;13;333;-69;123;3.433971;54.324430;2.710000;1.560000
SIRP_C2M2GUHP_2;14;-179;844;62;1.019007;31.816308;2.290000;1.440000
SIRP_C2M2GUH0_3;0;0;0;0;0.000000;0.000000;0.000000;0.000000
SIRP_C2M2GUH0_3;1;-786;-271;71;0.000000;37.814442;0.770000;0.830000
SIRP_C2M2GUH0_3;2;531;-847;121;0.000000;86.075165;0.770000;0.830000
SIRP_C2M2GUH0_3;3;518;-681;141;0.000000;41.879396;0.880000;0.890000
SIRP_C2M2GUH0_3;4;-955;-853;66;0.000000;10.251290;2.400000;1.470000
SIRP_C2M2GUH0_3;5;652;742;99;0.000000;72.108079;0.610000;0.740000
SIRP_C2M2GUH0_3;6;-275;-730;53;0.000000;88.260507;2.090000;1.370000
SIRP_C2M2GUH0_3;7;911;-261;106;0.000000;70.839758;1.510000;1.170000
SIRP_C2M2GUH0_3;8;-300;966;68;0.000000;51.438906;1.210000;1.040000
SIRP_C2M2GUH0_3;9;-567;-397;82;0.000000;109.019338;1.810000;1.280000
SIRP_C2M2GUH0_3;10;-599;109;67;0.000000;21.988475;1.060000;0.980000
SIRP_C2M2GUH0_3;11;-322;-169;148;0.000000;69.317985;2.800000;1.590000
SIRP_C2M2GUH0_3;12;-856;-321;137;0.000000;61.031583;0.940000;0.920000
SIRP_C2M2GUH0_3;13;-668;-486;69;0.000000;65.199302;0.740000;0.820000
SIRP_C2M2GUH0_3;14;-33;906;121;0.000000;18.250813;0.870000;0.880000
SIRP_C2M1GUH0_8;0;0;0;0;0.000000;0.000000;0.000000;0.000000
SIRP_C2M1GUH0_8;1;722;-409;90;0.000000;66.487904;0.980000;0.940000
SIRP_C2M1GUH0_8;2;-880;639;140;0.000000;52.137104;1.810000;1.280000
SIRP_C2M1GUH0_8;3;-906;943;57;0.000000;30.575372;1.740000;1.250000
SIRP_C2M1GUH0_8;4;-346;-554;83;0.000000;22.026950;0.850000;0.870000
SIRP_C2M1GUH0_8;5;-731;-566;121;0.000000;44.430645;1.950000;1.320000
SIRP_C2M1GUH0_8;6;-215;-511;58;0.000000;12.643140;2.760000;1.580000
SIRP_C2M1GUH0_8;7;769;-26;80;0.000000;105.349503;2.390000;1.470000
SIRP_C2M1GUH0_8;8;-66;-633;127;0.000000;108.714950;1.850000;1.290000
SIRP_C2M1GUH0_8;9;-168;850;130;0.000000;102.483185;1.120000;1.000000
SIRP_C2M1GUH0_8;10;770;707;83;0.000000;63.047782;2.290000;1.440000
SIRP_C2M1GUH0_8;11;-20;-300;141;0.000000;48.870311;1.100000;0.990000
SIRP_C2M1GUH0_8;12;490;-476;114;0.000000;41.647332;2.620000;1.540000
SIRP_C2M1GUH0_8;13;-817;-722;92;0.000000;25.086145;1.190000;1.030000
SIRP_C2M1GUH0_8;14;806;-577;96;0.000000;41.664774;0.980000;0.940000
SIRP_C2M1GUH0_8;15;-703;-441;132;0.000000;44.067218;2.450000;1.480000
SIRP_C2M2GUHP_3;0;0;0;0;0.000000;0.000000;0.000000;0.000000
SIRP_C2M2GUHP_3;1;-574;-699;91;2.805447;87.347839;0.620000;0.750000
SIRP_C2M2GUHP_3;2;71;395;141;1.291423;43.099465;0.960000;0.930000
SIRP_C2M2GUHP_3;3;991;-590;121;3.643595;33.463062;1.410000;1.130000
SIRP_C2M2GUHP_3;4;-958;425;129;1.773337;33.658844;0.970000;0.930000
SIRP_C2M2GUHP_3;5;-646;178;139;4.591656;73.503485;2.130000;1.380000
SIRP_C2M2GUHP_3;6;-695;323;80;2.439215;92.597813;2.000000;1.340000
SIRP_C2M2GUHP_3;7;-650;-95;82;3.114056;46.776350;2.040000;1.350000
SIRP_C2M2GUHP_3;8;-2;660;71;4.029287;111.597226;2.870000;1.610000
SIRP_C2M2GUHP_3;9;267;-93;125;3.285577;70.434310;0.660000;0.770000
SIRP_C2M2GUHP_3;10;-512;-249;127;1.553880;62.555966;1.860000;1.290000
SIRP_C2M2GUHP_3;11;-22;942;67;3.072993;78.503634;0.810000;0.850000
SIRP_C2M2GUHP_3;12;-836;-597;131;4.902101;69.916006;1.230000;1.050000
SIRP_C2M2GUHP_3;13;-819;64;145;2.885200;93.417904;1.520000;1.170000
SIRP_C2M2GUHP_3;14;332;-381;123;1.341155;110.949977;2.410000;1.470000
SIRP_C2M2GUHP_3;15;709;136;82;4.567920;104.557091;2.320000;1.440000
SIRP_C2M2GUHP_3;16;280;789;108;3.565648;13.681850;1.810000;1.280000
SIRP_C2M2GUHP_3;17;-328;-752;103;2.292821;97.203877;2.440000;1.480000
SIRP_C2M2GUHP_3;18;52;-562;98;4.755672;30.430955;1.500000;1.160000
SIRP_C2M2GUH0_4;0;0;0;0;0.000000;0.000000;0.000000;0.000000
SIRP_C2M2GUH0_4;1;374;-357;125;0.000000;101.066633;1.610000;1.200000
SIRP_C2M2GUH0_4;2;359;-189;55;0.000000;21.217764;0.670000;0.780000
SIRP_C2M2GUH0_4;3;143;968;94;0.000000;11.581952;1.460000;1.150000
SIRP_C2M2GUH0_4;4;619;515;72;0.000000;114.167692;0.890000;0.890000
SIRP_C2M2GUH0_4;5;206;609;114;0.000000;110.102268;1.320000;1.090000
SIRP_C2M2GUH0_4;6;-461;-563;74;0.000000;38.758326;1.670000;1.230000
SIRP_C2M2GUH0_4;7;-235;-201;78;0.000000;101.195437;2.150000;1.390000
SIRP_C2M2GUH0_4;8;-366;-990;146;0.000000;42.844255;2.080000;1.370000
SIRP_C2M2GUH0_4;9;-403;988;59;0.000000;102.567207;1.810000;1.280000
SIRP_C2M2GUH0_4;10;839;827;124;0.000000;11.426968;2.630000;1.540000
SIRP_C2M2GUH0_4;11;457;452;120;0.000000;76.922939;1.530000;1.170000
SIRP_C2M2GUH0_4;12;256;-113;76;0.000000;34.723097;0.860000;0.880000
SIRP_C2M2GUH0_4;13;-77;-143;72;0.000000;79.944875;2.210000;1.410000
SIRP_C2M2GUH0_4;14;-6;-785;66;0.000000;12.757071;1.390000;1.120000
SIRP_C2M2GUH0_4;15;-29;-29;72;0.000000;81.194842;2.840000;1.600000
SIRP_C2M1GUH0_9;0;0;0;0;0.000000;0.000000;0.000000;0.000000
SIRP_C2M1GUH0_9;1;-219;427;138;0.000000;39.845387;2.390000;1.470000
SIRP_C2M1GUH0_9;2;-417;-216;145;0.000000;19.140113;2.130000;1.380000
SIRP_C2M1GUH0_9;3;-107;-193;116;0.000000;36.257038;2.810000;1.590000
SIRP_C2M1GUH0_9;4;921;873;68;0.000000;57.144958;0.680000;0.780000
SIRP_C2M1GUH0_9;5;863;776;80;0.000000;56.710521;1.980000;1.330000
SIRP_C2M1GUH0_9;6;-495;-407;111;0.000000;26.973903;1.170000;1.030000
SIRP_C2M1GUH0_9;7;144;386;70;0.000000;86.426947;2.920000;1.620000
SIRP_C2M1GUH0_9;8;-226;207;90;0.000000;11.121404;0.660000;0.770000
SIRP_C2M1GUH0_9;9;118;-163;133;0.000000;29.651518;2.710000;1.560000
SIRP_C2M1GUH0_9;10;719;978;88;0.000000;41.246257;2.790000;1.580000
SIRP_C2M1GUH0_9;11;-668;-461;53;0.000000;29.424209;0.640000;0.760000
SIRP_C2M1GUH0_9;12;-571;692;142;0.000000;99.391854;2.710000;1.560000
SIRP_C2M1GUH0_9;13;-846;611;86;0.000000;114.667683;1.760000;1.260000
SIRP_C2M1GUH0_9;14;510;-429;124;0.000000;61.731080;2.750000;1.570000
SIRP_C2M1GUH0_9;15;473;597;79;0.000000;46.862890;1.670000;1.230000
SIRP_C2M2GUHP_4;0;0;0;0;0.000000;0.000000;0.000000;0.000000
SIRP_C2M2GUHP_4;1;680;813;74;4.086351;97.362406;2.120000;1.380000
SIRP_C2M2GUHP_4;2;-394;542;69;2.987256;117.148050;1.690000;1.230000
SIRP_C2M2GUHP_4;3;772;-17;99;1.050842;68.132253;2.530000;1.510000
SIRP_C2M2GUHP_4;4;635;-217;138;2.722445;11.513740;2.830000;1.600000
SIRP_C2M2GUHP_4;5;665;-134;70;2.780665;34.863564;0.940000;0.920000
SIRP_C2M2GUHP_4;6;237;-388;104;3.763837;27.245373;1.560000;1.180000
SIRP_C2M2GUHP_4;7;107;63;134;1.986133;65.859970;2.060000;1.360000
SIRP_C2M2GUHP_4;8;-412;-974;98;2.217460;31.762214;0.550000;0.700000
SIRP_C2M2GUHP_4;9;-941;921;88;1.759345;81.180748;1.710000;1.240000
SIRP_C2M2GUHP_4;10;4;-545;137;4.098959;96.641156;2.650000;1.540000
SIRP_C2M2GUHP_4;11;-886;-486;93;1.166315;86.303689;1.180000;1.030000
SIRP_C2M2GUHP_4;12;-300;790;86;4.263141;37.042281;1.960000;1.330000
SIRP_C2M2GUHP_4;13;365;-829;82;3.197945;68.197801;2.210000;1.410000
SIRP_C2M2GUHP_4;14;577;-3;67;3.687612;115.101283;2.490000;1.500000
SIRP_C2M2GUHP_4;15;229;-537;94;2.572236;82.606759;2.580000;1.520000
SIRP_C2M2GUHP_4;16;-773;-638;51;3.828258;55.384470;2.160000;1.390000
SIRP_C2M2GUHP_4;17;-695;-595;86;3.708027;12.888639;2.370000;1.460000
SIRP_C2M2GUH0_5;0;0;0;0;0.000000;0.000000;0.000000;0.000000
SIRP_C2M2GUH0_5;1;-55;-296;74;0.000000;88.808189;2.650000;1.540000
SIRP_C2M2GUH0_5;2;-758;965;143;0.000000;117.171312;1.320000;1.090000
SIRP_C2M2GUH0_5;3;429;-22;102;0.000000;20.673865;1.360000;1.110000
SIRP_C2M2GUH0_5;4;855;685;134;0.000000;58.735025;1.900000;1.310000
SIRP_C2M2GUH0_5;5;833;-247;51;0.000000;43.830250;1.720000;1.240000
SIRP_C2M2GUH0_5;6;-755;246;74;0.000000;15.372720;2.090000;1.370000
SIRP_C2M2GUH0_5;7;-441;-845;125;0.000000;82.808896;1.560000;1.180000
SIRP_C2M2GUH0_5;8;77;-586;107;0.000000;100.036225;0.950000;0.920000
SIRP_C2M2GUH0_5;9;-947;-787;103;0.000000;21.434127;1.120000;1.000000
SIRP_C2M2GUH0_5;10;-176;342;114;0.000000;93.716816;1.700000;1.240000
SIRP_C2M2GUH0_5;11;-338;142;92;0.000000;59.168563;2.410000;1.470000
SIRP_C2M2GUH0_5;12;12;328;122;0.000000;98.682056;1.840000;1.290000
SIRP_C2M2GUH0_5;13;-627;-509;99;0.000000;109.170218;1.350000;1.100000
SIRP_C2M2GUH0_5;14;535;-451;103;0.000000;19.405057;1.860000;1.290000
SIRP_C2M2GUH0_5;15;-125;-950;84;0.000000;99.259492;2.510000;1.500000
SIRP_C2M2GUH0_5;16;-699;-751;102;0.000000;58.266186;1.710000;1.240000
SIRP_C2M2GUH0_5;17;-651;-219;56;0.000000;114.462023;2.960000;1.630000
SIRP_C2M2GUH0_5;18;-522;841;73;0.000000;58.219598;1.880000;1.300000
SIRP_C2M1GUH0_10;0;0;0;0;0.000000;0.000000;0.000000;0.000000
SIRP_C2M1GUH0_10;1;-606;285;122;0.000000;77.608166;2.190000;1.400000
SIRP_C2M1GUH0_10;2;295;575;80;0.000000;65.256082;1.760000;1.260000
SIRP_C2M1GUH0_10;3;997;-350;109;0.000000;68.597224;0.530000;0.690000
SIRP_C2M1GUH0_10;4;-477;676;118;0.000000;10.672243;2.260000;1.430000
SIRP_C2M1GUH0_10;5;406;815;98;0.000000;26.393581;0.950000;0.920000
SIRP_C2M1GUH0_10;6;-457;145;102;0.000000;44.366000;1.150000;1.020000
SIRP_C2M1GUH0_10;7;-239;98;110;0.000000;35.113924;0.760000;0.830000
SIRP_C2M1GUH0_10;8;258;-298;137;0.000000;31.134525;1.990000;1.340000
SIRP_C2M1GUH0_10;9;576;-309;69;0.000000;86.160483;1.890000;1.300000
SIRP_C2M1GUH0_10;10;14;-501;102;0.000000;58.659866;1.130000;1.010000
SIRP_C2M1GUH0_10;11;905;-624;109;0.000000;27.768557;2.990000;1.640000
SIRP_C2M1GUH0_10;12;340;-99;120;0.000000;82.050483;1.500000;1.160000
SIRP_C2M1GUH0_10;13;-928;514;120;0.000000;29.401483;0.830000;0.860000
SIRP_C2M1GUH0_10;14;259;430;66;0.000000;42.960968;2.500000;1.500000
SIRP_C2M2GUHP_5;0;0;0;0;0.000000;0.000000;0.000000;0.000000
SIRP_C2M2GUHP_5;1;-122;812;142;2.242708;19.368344;1.620000;1.210000
SIRP_C2M2GUHP_5;2;-592;201;79;2.655228;40.883362;0.600000;0.730000
SIRP_C2M2GUHP_5;3;-800;-477;136;4.306863;78.109320;2.840000;1.600000
SIRP_C2M2GUHP_5;4;-660;-229;141;2.520283;37.461250;1.230000;1.050000
SIRP_C2M2GUHP_5;5;91;-91;75;2.400586;76.395388;0.630000;0.750000
SIRP_C2M2GUHP_5;6;-585;-233;57;3.296956;78.357156;1.000000;0.950000
SIRP_C2M2GUHP_5;7;964;-843;148;4.788847;50.219893;0.520000;0.680000
SIRP_C2M2GUHP_5;8;-290;51;62;2.662343;84.390113;2.700000;1.560000
SIRP_C2M2GUHP_5;9;179;-217;145;4.667924;52.556984;1.150000;1.020000
SIRP_C2M2GUHP_5;10;-338;-883;139;1.452957;50.772311;1.330000;1.090000
SIRP_C2M2GUHP_5;11;13;697;97;1.134653;34.752925;0.770000;0.830000
SIRP_C2M2GUHP_5;12;-274;-640;66;4.316672;68.956824;2.390000;1.470000
SIRP_C2M2GUHP_5;13;-484;-846;81;2.706536;98.749145;1.740000;1.250000
SIRP_C2M2GUH0_6;0;0;0;0;0.000000;0.000000;0.000000;0.000000
SIRP_C2M2GUH0_6;1;88;-277;150;0.000000;10.021548;2.480000;1.490000
SIRP_C2M2GUH0_6;2;417;-628;53;0.000000;99.163600;1.610000;1.200000
SIRP_C2M2GUH0_6;3;-307;-848;141;0.000000;41.989276;0.940000;0.920000
SIRP_C2M2GUH0_6;4;-791;-62;95;0.000000;53.594943;0.600000;0.730000
SIRP_C2M2GUH0_6;5;757;-112;143;0.000000;65.135160;2.850000;1.600000
SIRP_C2M2GUH0_6;6;-59;617;137;0.000000;29.824995;2.590000;1.530000
SIRP_C2M2GUH0_6;7;962;-77;106;0.000000;85.899196;2.830000;1.600000
SIRP_C2M2GUH0_6;8;499;458;147;0.000000;46.454733;0.850000;0.870000
SIRP_C2M2GUH0_6;9;176;-583;52;0.000000;101.662889;1.670000;1.230000
SIRP_C2M2GUH0_6;10;-126;-543;135;0.000000;56.450530;2.160000;1.390000
SIRP_C2M2GUH0_6;11;405;566;81;0.000000;36.932459;1.380000;1.110000
SIRP_C2M2GUH0_6;12;-504;674;135;0.000000;31.267943;1.070000;0.980000
SIRP_C2M2GUH0_6;13;-277;-60;54;0.000000;61.360041;0.570000;0.720000
SIRP_C2M2GUH0_6;14;-346;-108;68;0.000000;101.597801;0.900000;0.900000
SIRP_C2M2GUH0_6;15;676;-167;97;0.000000;35.648832;2.680000;1.550000
SIRP_C2M2GUH0_6;16;945;75;124;0.000000;107.902968;2.440000;1.480000
SIRP_C2M3GUH0_1;0;0;0;0;0.000000;0.000000;0.000000;0.000000
SIRP_C2M3GUH0_1;1;240;-544;84;0.000000;81.185069;0.680000;0.780000
SIRP_C2M3GUH0_1;2;-31;362;112;0.000000;119.075777;2.100000;1.370000
SIRP_C2M3GUH0_1;3;-114;23;55;0.000000;64.862383;2.360000;1.460000
SIRP_C2M3GUH0_1;4;-911;146;52;0.000000;103.040210;2.250000;1.420000
SIRP_C2M3GUH0_1;5;634;-789;123;0.000000;85.002275;1.720000;1.240000
SIRP_C2M3GUH0_1;6;127;437;75;0.000000;102.996626;1.670000;1.230000
SIRP_C2M3GUH0_1;7;461;123;143;0.000000;10.441023;2.640000;1.540000
SIRP_C2M3GUH0_1;8;-880;-283;142;0.000000;63.507503;2.260000;1.430000
SIRP_C2M3GUH0_1;9;-32;-152;83;0.000000;81.548428;2.260000;1.430000
SIRP_C2M3GUH0_1;10;-299;339;59;0.000000;89.779758;2.550000;1.510000
SIRP_C2M3GUH0_1;11;77;-103;112;0.000000;113.249752;0.760000;0.830000
SIRP_C2M3GUH0_1;12;423;877;93;0.000000;29.919364;2.250000;1.420000
SIRP_C2M3GUH0_1;13;-476;204;149;0.000000;67.640868;2.640000;1.540000
SIRP_C2M3GUH0_1;14;504;770;55;0.000000;78.412287;2.330000;1.450000
SIRP_C2M3GUH0_1;15;424;-122;98;0.000000;53.895227;2.860000;1.600000
SIRP_C2M3GUH0_1;16;-855;-721;149;0.000000;110.984147;1.490000;1.160000
SIRP_C2M2GUHP_6;0;0;0;0;0.000000;0.000000;0.000000;0.000000
SIRP_C2M2GUHP_6;1;-931;820;54;1.726466;23.517143;1.470000;1.150000
SIRP_C2M2GUHP_6;2;-528;557;66;1.690780;105.560422;2.140000;1.390000
SIRP_C2M2GUHP_6;3;-574;453;146;4.313246;91.351334;1.920000;1.310000
SIRP_C2M2GUHP_6;4;-463;863;90;1.903478;15.718559;1.450000;1.140000
SIRP_C2M2GUHP_6;5;796;527;67;3.222341;31.021827;1.110000;1.000000
SIRP_C2M2GUHP_6;6;933;961;72;3.241147;76.387940;1.770000;1.260000
SIRP_C2M2GUHP_6;7;-376;645;57;2.385517;40.040829;1.130000;1.010000
SIRP_C2M2GUHP_6;8;817;-700;124;2.492549;85.880151;1.930000;1.320000
SIRP_C2M2GUHP_6;9;504;-225;92;4.247034;104.913909;0.720000;0.800000
SIRP_C2M2GUHP_6;10;-601;-193;75;2.746894;43.683247;2.780000;1.580000
SIRP_C2M2GUHP_6;11;558;108;110;1.708071;119.450385;1.720000;1.240000
SIRP_C2M2GUHP_6;12;-138;577;58;4.703732;106.625728;1.320000;1.090000
SIRP_C2M2GUHP_6;13;-971;357;140;4.579000;96.429535;1.640000;1.210000
SIRP_C2M2GUHP_6;14;-575;-127;107;4.386284;96.292477;2.930000;1.620000
SIRP_C2M2GUHP_6;15;315;403;120;1.006194;108.342857;2.080000;1.370000
SIRP_C2M2GUHP_6;16;-367;935;74;4.049790;52.281435;1.100000;0.990000
SIRP_C2M2GUH0_7;0;0;0;0;0.000000;0.000000;0.000000;0.000000
SIRP_C2M2GUH0_7;1;-110;185;85;0.000000;99.149737;1.620000;1.210000
SIRP_C2M2GUH0_7;2;997;819;68;0.000000;107.112581;0.580000;0.720000
SIRP_C2M2GUH0_7;3;-320;589;93;0.000000;105.272847;2.200000;1.410000
SIRP_C2M2GUH0_7;4;338;40;149;0.000000;97.965123;2.730000;1.570000
SIRP_C2M2GUH0_7;5;-286;-569;78;0.000000;82.404723;1.800000;1.270000
SIRP_C2M2GUH0_7;6;-211;-824;114;0.000000;12.872128;1.910000;1.310000
SIRP_C2M2GUH0_7;7;-127;-596;122;0.000000;50.229610;0.730000;0.810000
SIRP_C2M2GUH0_7;8;-90;-576;147;0.000000;87.996892;1.300000;1.080000
SIRP_C2M2GUH0_7;9;-761;-674;111;0.000000;36.724262;1.980000;1.330000
SIRP_C2M2GUH0_7;10;314;-640;146;0.000000;16.926651;2.510000;1.500000
SIRP_C2M2GUH0_7;11;139;-239;53;0.000000;75.337416;1.310000;1.090000
SIRP_C2M2GUH0_7;12;-772;643;83;0.000000;94.517249;2.580000;1.520000
SIRP_C2M2GUH0_7;13;995;-746;85;0.000000;119.575528;1.970000;1.330000
SIRP_C2M3GUH0_2;0;0;0;0;0.000000;0.000000;0.000000;0.000000
SIRP_C2M3GUH0_2;1;-14;-278;117;0.000000;87.379234;2.870000;1.610000
SIRP_C2M3GUH0_2;2;887;681;117;0.000000;109.829531;1.030000;0.960000
SIRP_C2M3GUH0_2;3;-552;522;62;0.000000;33.328695;1.020000;0.960000
SIRP_C2M3GUH0_2;4;-350;165;140;0.000000;40.527024;2.780000;1.580000
SIRP_C2M3GUH0_2;5;-655;-684;97;0.000000;80.189118;2.320000;1.440000
SIRP_C2M3GUH0_2;6;729;711;90;0.000000;91.170173;2.900000;1.620000
SIRP_C2M3GUH0_2;7;895;-270;95;0.000000;85.866483;0.600000;0.730000
SIRP_C2M3GUH0_2;8;740;-181;133;0.000000;15.973876;2.210000;1.410000
SIRP_C2M3GUH0_2;9;247;614;69;0.000000;96.759747;1.590000;1.200000
SIRP_C2M3GUH0_2;10;315;310;125;0.000000;36.681496;1.190000;1.030000
SIRP_C2M3GUH0_2;11;470;-118;130;0.000000;18.011705;1.570000;1.190000
SIRP_C2M3GUH0_2;12;-694;947;80;0.000000;116.449207;2.500000;1.500000
SIRP_C2M2GUHP_7;0;0;0;0;0.000000;0.000000;0.000000;0.000000
SIRP_C2M2GUHP_7;1;716;-736;88;3.752076;19.656438;2.370000;1.460000
SIRP_C2M2GUHP_7;2;352;-851;129;1.368354;51.210964;2.180000;1.400000
SIRP_C2M2GUHP_7;3;-756;-392;79;2.735233;33.321564;2.150000;1.390000
SIRP_C2M2GUHP_7;4;-177;971;71;3.239979;38.151633;2.150000;1.390000
SIRP_C2M2GUHP_7;5;188;261;125;3.893296;65.985168;2.090000;1.370000
SIRP_C2M2GUHP_7;6;-163;886;127;3.792656;106.728179;1.730000;1.250000
SIRP_C2M2GUHP_7;7;-917;470;101;2.773898;23.684555;2.920000;1.620000
SIRP_C2M2GUHP_7;8;-484;578;91;4.010277;79.883500;0.770000;0.830000
SIRP_C2M2GUHP_7;9;-876;32;83;2.985347;24.654830;0.630000;0.750000
SIRP_C2M2GUHP_7;10;-169;253;120;1.469232;26.255488;1.730000;1.250000
SIRP_C2M2GUHP_7;11;3;-939;136;1.576378;66.812660;2.790000;1.580000
SIRP_C2M2GUHP_7;12;-758;-801;71;1.499048;98.538165;1.590000;1.200000
SIRP_C2M2GUHP_7;13;-218;-970;138;3.741608;40.269523;2.770000;1.580000
SIRP_C2M2GUHP_7;14;-816;-105;55;1.064553;78.612936;1.560000;1.180000
SIRP_C2M2GUHP_7;15;-922;490;95;1.898968;110.317261;1.810000;1.280000
SIRP_C2M2GUHP_7;16;-666;989;102;4.958902;73.596774;2.350000;1.450000
SIRP_C2M2GUHP_7;17;-791;741;68;4.380942;50.536866;2.830000;1.600000
SIRP_C2M2GUH0_8;0;0;0;0;0.000000;0.000000;0.000000;0.000000
SIRP_C2M2GUH0_8;1;-382;-720;143;0.000000;47.335375;2.790000;1.580000
SIRP_C2M2GUH0_8;2;-727;-139;113;0.000000;40.248323;2.690000;1.560000
SIRP_C2M2GUH0_8;3;199;815;143;0.000000;11.319733;0.730000;0.810000
SIRP_C2M2GUH0_8;4;777;934;145;0.000000;44.433979;2.480000;1.490000
SIRP_C2M2GUH0_8;5;446;-604;88;0.000000;38.291589;0.710000;0.800000
SIRP_C2M2GUH0_8;6;538;852;81;0.000000;21.964846;1.400000;1.120000
SIRP_C2M2GUH0_8;7;759;-41;105;0.000000;38.116507;3.000000;1.640000
SIRP_C2M2GUH0_8;8;-325;-664;60;0.000000;104.640798;2.700000;1.560000
SIRP_C2M2GUH0_8;9;-142;835;81;0.000000;33.707651;0.770000;0.830000
SIRP_C2M2GUH0_8;10;-243;946;102;0.000000;86.986404;1.920000;1.310000
SIRP_C2M2GUH0_8;11;575;993;73;0.000000;119.109508;1.550000;1.180000
SIRP_C2M2GUH0_8;12;-731;-266;119;0.000000;10.998820;2.190000;1.400000
SIRP_C2M2GUH0_8;13;882;-540;124;0.000000;88.219504;2.650000;1.540000
SIRP_C2M2GUH0_8;14;-85;893;132;0.000000;24.785594;1.890000;1.300000
SIRP_C2M2GUH0_8;15;548;459;115;0.000000;30.329691;2.830000;1.600000
SIRP_C2M3GUH0_3;0;0;0;0;0.000000;0.000000;0.000000;0.000000
SIRP_C2M3GUH0_3;1;-312;919;93;0.000000;55.570963;1.260000;1.060000
SIRP_C2M3GUH0_3;2;-256;238;120;0.000000;118.481132;1.400000;1.120000
SIRP_C2M3GUH0_3;3;318;-753;50;0.000000;34.505370;2.130000;1.380000
SIRP_C2M3GUH0_3;4;307;-731;71;0.000000;10.365368;0.880000;0.890000
SIRP_C2M3GUH0_3;5;897;103;77;0.000000;101.268906;1.090000;0.990000
SIRP_C2M3GUH0_3;6;-494;695;123;0.000000;93.664326;1.890000;1.300000
SIRP_C2M3GUH0_3;7;-523;-220;145;0.000000;29.997166;2.160000;1.390000
SIRP_C2M3GUH0_3;8;469;576;135;0.000000;45.130417;0.800000;0.850000
SIRP_C2M3GUH0_3;9;-999;-452;59;0.000000;18.816254;1.530000;1.170000
SIRP_C2M3GUH0_3;10;856;845;50;0.000000;71.237080;1.630000;1.210000
SIRP_C2M3GUH0_3;11;212;-226;129;0.000000;68.510306;1.510000;1.170000
SIRP_C2M3GUH0_3;12;-739;-539;110;0.000000;79.538984;0.670000;0.780000
SIRP_C2M3GUH0_3;13;436;97;85;0.000000;102.676513;2.210000;1.410000
SIRP_C2M3GUH0_3;14;921;-205;77;0.000000;103.179394;2.250000;1.420000
SIRP_C2M3GUH0_3;15;-440;482;136;0.000000;47.766517;1.120000;1.000000
SIRP_C2M3GUH0_3;16;175;-654;78;0.000000;56.158140;1.840000;1.290000
SIRP_C2M3GUH0_3;17;287;-862;90;0.000000;26.743899;2.570000;1.520000
SIRP_C2M3GUH0_3;18;238;568;60;0.000000;74.231382;2.350000;1.450000
SIRP_C2M3GUH0_3;19;-310;-975;130;0.000000;52.648593;0.520000;0.680000
SIRP_C2M2GUHP_8;0;0;0;0;0.000000;0.000000;0.000000;0.000000
SIRP_C2M2GUHP_8;1;-744;-172;79;1.563538;113.721015;1.000000;0.950000
SIRP_C2M2GUHP_8;2;963;264;121;2.012013;107.286074;1.360000;1.110000
SIRP_C2M2GUHP_8;3;870;137;102;2.146891;101.229819;2.960000;1.630000
SIRP_C2M2GUHP_8;4;11;215;131;1.501860;11.402220;0.740000;0.820000
SIRP_C2M2GUHP_8;5;323;-883;121;2.620415;14.363528;1.010000;0.950000
SIRP_C2M2GUHP_8;6;-294;326;121;1.249640;12.369361;2.060000;1.360000
SIRP_C2M2GUHP_8;7;-207;277;143;1.250169;67.501774;1.220000;1.050000
SIRP_C2M2GUHP_8;8;950;832;89;1.364930;112.774202;1.760000;1.260000
SIRP_C2M2GUHP_8;9;574;767;120;2.189386;26.231107;2.240000;1.420000
SIRP_C2M2GUHP_8;10;249;344;93;1.287503;44.924989;0.890000;0.890000
SIRP_C2M2GUH0_9;0;0;0;0;0.000000;0.000000;0.000000;0.000000
SIRP_C2M2GUH0_9;1;-595;-491;53;0.000000;10.696085;1.360000;1.110000
SIRP_C2M2GUH0_9;2;40;690;91;0.000000;56.415259;0.670000;0.780000
SIRP_C2M2GUH0_9;3;423;436;90;0.000000;89.343091;1.320000;1.090000
SIRP_C2M2GUH0_9;4;749;241;108;0.000000;93.031801;2.240000;1.420000
SIRP_C2M2GUH0_9;5;497;-568;62;0.000000;11.312634;0.510000;0.680000
SIRP_C2M2GUH0_9;6;340;290;89;0.000000;22.666923;1.800000;1.270000
SIRP_C2M2GUH0_9;7;230;-775;50;0.000000;17.787408;0.550000;0.700000
SIRP_C2M2GUH0_9;8;339;435;75;0.000000;72.167176;2.660000;1.550000
SIRP_C2M2GUH0_9;9;-181;-694;85;0.000000;20.418638;0.990000;0.940000
SIRP_C2M2GUH0_9;10;357;-244;97;0.000000;53.601000;1.830000;1.280000
SIRP_C2M2GUH0_9;11;712;424;145;0.000000;41.045067;0.730000;0.810000
SIRP_C2M2GUH0_9;12;754;-224;53;0.000000;21.272545;1.870000;1.300000
SIRP_C2M2GUH0_9;13;471;-420;84;0.000000;51.216424;2.480000;1.490000
SIRP_C2M2GUH0_9;14;383;614;96;0.000000;57.906304;2.790000;1.580000
SIRP_C2M3GUH0_4;0;0;0;0;0.000000;0.000000;0.000000;0.000000
SIRP_C2M3GUH0_4;1;-236;779;99;0.000000;111.809174;1.880000;1.300000
SIRP_C2M3GUH0_4;2;721;431;73;0.000000;94.399337;2.370000;1.460000
SIRP_C2M3GUH0_4;3;-85;535;65;0.000000;119.434766;1.370000;1.110000
SIRP_C2M3GUH0_4;4;-635;-973;95;0.000000;51.028263;2.830000;1.600000
SIRP_C2M3GUH0_4;5;526;68;56;0.000000;39.339546;1.260000;1.060000
SIRP_C2M3GUH0_4;6;-710;-73;52;0.000000;87.105654;1.080000;0.990000
SIRP_C2M3GUH0_4;7;-623;541;70;0.000000;69.827186;1.720000;1.240000
SIRP_C2M3GUH0_4;8;-50;-281;120;0.000000;51.706968;1.850000;1.290000
SIRP_C2M3GUH0_4;9;244;-20;91;0.000000;27.936981;0.500000;0.670000
SIRP_C2M3GUH0_4;10;-480;-976;68;0.000000;83.531133;0.870000;0.880000
SIRP_C2M3GUH0_4;11;765;-131;74;0.000000;33.000144;0.660000;0.770000
SIRP_C2M3GUH0_4;12;495;331;59;0.000000;32.670210;2.470000;1.490000
SIRP_C2M3GUH0_4;13;977;227;85;0.000000;62.922533;1.660000;1.220000
SIRP_C2M3GUH0_4;14;-705;-521;91;0.000000;81.220679;1.920000;1.310000
SIRP_C2M3GUH0_4;15;-35;-154;105;0.000000;16.440727;0.590000;0.730000
SIRP_C2M3GUH0_4;16;-249;-200;106;0.000000;23.301911;1.420000;1.130000
SIRP_C2M3GUH0_4;17;-189;358;128;0.000000;88.717054;0.750000;0.820000
SIRP_C2M2GUH0_10;0;0;0;0;0.000000;0.000000;0.000000;0.000000
SIRP_C2M2GUH0_10;1;650;-627;86;0.000000;93.631765;2.650000;1.540000
SIRP_C2M2GUH0_10;2;-900;-210;59;0.000000;82.001231;2.510000;1.500000
SIRP_C2M2GUH0_10;3;782;-410;56;0.000000;18.139545;1.140000;1.010000
SIRP_C2M2GUH0_10;4;837;469;62;0.000000;12.281058;2.310000;1.440000
SIRP_C2M2GUH0_10;5;-628;241;64;0.000000;52.094743;2.800000;1.590000
SIRP_C2M2GUH0_10;6;733;501;131;0.000000;109.770867;1.540000;1.180000
SIRP_C2M2GUH0_10;7;535;-823;145;0.000000;61.093160;2.950000;1.630000
SIRP_C2M2GUH0_10;8;655;768;60;0.000000;38.906675;0.730000;0.810000
SIRP_C2M2GUH0_10;9;-821;506;79;0.000000;61.771901;2.590000;1.530000
SIRP_C2M2GUH0_10;10;-512;68;146;0.000000;100.250189;2.630000;1.540000
SIRP_C2M2GUH0_10;11;-447;729;69;0.000000;32.779708;1.130000;1.010000
SIRP_C2M2GUH0_10;12;408;-194;50;0.000000;23.574504;1.190000;1.030000
SIRP_C2M2GUH0_10;13;-978;-210;137;0.000000;111.031248;1.180000;1.030000
SIRP_C2M2GUH0_10;14;662;28;146;0.000000;56.649319;0.840000;0.870000
SIRP_C2M2GUH0_10;15;797;542;81;0.000000;58.817593;2.530000;1.510000
SIRP_C2M2GUH0_10;16;736;719;75;0.000000;44.200243;2.250000;1.420000
SIRP_C2M3GUH0_5;0;0;0;0;0.000000;0.000000;0.000000;0.000000
SIRP_C2M3GUH0_5;1;411;21;148;0.000000;92.423090;2.240000;1.420000
SIRP_C2M3GUH0_5;2;222;886;149;0.000000;63.021600;0.720000;0.800000
SIRP_C2M3GUH0_5;3;-991;258;50;0.000000;84.208116;1.280000;1.070000
SIRP_C2M3GUH0_5;4;109;813;148;0.000000;14.386269;2.800000;1.590000
SIRP_C2M3GUH0_5;5;196;819;70;0.000000;77.742246;0.770000;0.830000
SIRP_C2M3GUH0_5;6;-165;-9;145;0.000000;74.254544;2.070000;1.360000
SIRP_C2M3GUH0_5;7;531;-566;77;0.000000;18.231671;2.670000;1.550000
SIRP_C2M3GUH0_5;8;-32;-296;96;0.000000;116.571749;2.200000;1.410000
SIRP_C2M3GUH0_5;9;601;808;85;0.000000;75.718052;2.080000;1.370000
SIRP_C2M3GUH0_5;10;-93;-144;89;0.000000;62.825044;0.590000;0.730000
SIRP_C2M3GUH0_5;11;754;-193;104;0.000000;33.075806;1.210000;1.040000
SIRP_C2M3GUH0_5;12;865;-548;142;0.000000;67.221876;1.090000;0.990000
SIRP_C3M2GUH0_1;0;0;0;0;0.000000;0.000000;0.000000;0.000000
SIRP_C3M2GUH0_1;1;-465;922;60;0.000000;30.333060;0.900000;0.900000
SIRP_C3M2GUH0_1;2;-822;-207;70;0.000000;92.383472;2.980000;1.640000
SIRP_C3M2GUH0_1;3;-471;-474;88;0.000000;87.835154;2.950000;1.630000
SIRP_C3M2GUH0_1;4;614;-166;127;0.000000;115.216824;2.490000;1.500000
SIRP_C3M2GUH0_1;5;-960;45;74;0.000000;99.747221;2.860000;1.600000
SIRP_C3M2GUH0_1;6;92;85;134;0.000000;110.831251;1.850000;1.290000
SIRP_C3M2GUH0_1;7;-342;-210;143;0.000000;18.678205;1.730000;1.250000
SIRP_C3M2GUH0_1;8;-410;-674;144;0.000000;99.628895;1.680000;1.230000
SIRP_C3M2GUH0_1;9;-315;970;118;0.000000;52.055950;1.070000;0.980000
SIRP_C3M2GUH0_1;10;211;982;88;0.000000;58.474472;2.490000;1.500000
SIRP_C3M2GUH0_1;11;-655;-510;78;0.000000;104.846920;2.950000;1.630000
SIRP_C3M2GUH0_1;12;-675;749;88;0.000000;56.937272;1.460000;1.150000
SIRP_C3M2GUH0_1;13;739;-254;66;0.000000;38.058107;2.070000;1.360000
SIRP_C3M2GUH0_1;14;545;-760;118;0.000000;27.313165;1.210000;1.040000
SIRP_C3M2GUH0_1;15;-264;-611;106;0.000000;114.356729;2.660000;1.550000
SIRP_C3M2GUH0_1;16;-491;-159;69;0.000000;19.500369;1.520000;1.170000
SIRP_C3M2GUH0_1;17;197;-708;146;0.000000;54.149975;2.700000;1.560000
SIRP_C3M2GUH0_1;18;909;-276;60;0.000000;52.390278;2.850000;1.600000
SIRP_C3M2GUH0_1;19;614;-881;95;0.000000;47.675452;1.350000;1.100000
SIRP_C3M2GUH0_1;20;-93;867;59;0.000000;88.609023;2.420000;1.480000
SIRP_C3M2GUH0_1;21;299;229;52;0.000000;107.816544;1.920000;1.310000
SIRP_C3M2GUH0_1;22;-265;741;72;0.000000;10.136797;0.780000;0.840000
SIRP_C3M2GUH0_1;23;452;-846;122;0.000000;37.631734;2.510000;1.500000
SIRP_C3M2GUH0_1;24;60;405;66;0.000000;40.851972;2.450000;1.480000
SIRP_C3M2GUH0_1;25;-945;17;56;0.000000;37.671097;2.960000;1.630000
SIRP_C3M2GUH0_1;26;380;428;61;0.000000;30.338791;1.480000;1.150000
SIRP_C3M2GUH0_1;27;784;993;144;0.000000;95.239850;2.290000;1.440000
SIRP_C2M3GUH0_6;0;0;0;0;0.000000;0.000000;0.000000;0.000000
SIRP_C2M3GUH0_6;1;-233;-341;89;0.000000;105.054873;1.180000;1.030000
SIRP_C2M3GUH0_6;2;-205;-966;73;0.000000;30.108932;2.720000;1.560000
SIRP_C2M3GUH0_6;3;-271;-893;50;0.000000;110.679218;0.640000;0.760000
SIRP_C2M3GUH0_6;4;844;-157;124;0.000000;97.444598;2.760000;1.580000
SIRP_C2M3GUH0_6;5;567;-116;117;0.000000;45.648125;1.070000;0.980000
SIRP_C2M3GUH0_6;6;793;140;122;0.000000;60.881422;1.070000;0.980000
SIRP_C2M3GUH0_6;7;-895;-354;75;0.000000;38.177064;0.680000;0.780000
SIRP_C2M3GUH0_6;8;356;638;95;0.000000;106.925875;0.660000;0.770000
SIRP_C2M3GUH0_6;9;-234;903;73;0.000000;94.417712;1.770000;1.260000
SIRP_C2M3GUH0_6;10;838;-101;125;0.000000;23.709747;2.250000;1.420000
SIRP_C2M3GUH0_6;11;927;253;99;0.000000;27.705177;2.720000;1.560000
SIRP_C2M3GUH0_6;12;-227;563;101;0.000000;72.386330;2.150000;1.390000
SIRP_C2M3GUH0_6;13;-83;-183;86;0.000000;106.697881;2.380000;1.460000
SIRP_C2M3GUH0_6;14;792;767;145;0.000000;69.884644;2.770000;1.580000
SIRP_C2M3GUH0_6;15;-657;29;91;0.000000;75.585659;2.920000;1.620000
SIRP_C2M3GUH0_6;16;841;400;139;0.000000;12.310141;0.770000;0.830000
SIRP_C3M2GUH0_2;0;0;0;0;0.000000;0.000000;0.000000;0.000000
SIRP_C3M2GUH0_2;1;993;-294;55;0.000000;83.863199;2.380000;1.460000
SIRP_C3M2GUH0_2;2;-710;-904;72;0.000000;68.446307;2.420000;1.480000
SIRP_C3M2GUH0_2;3;145;-764;130;0.000000;90.555966;2.480000;1.490000
SIRP_C3M2GUH0_2;4;838;-364;85;0.000000;31.363585;1.540000;1.180000
SIRP_C3M2GUH0_2;5;-460;924;150;0.000000;109.283366;2.880000;1.610000
SIRP_C3M2GUH0_2;6;-570;-135;101;0.000000;75.114784;2.520000;1.510000
SIRP_C3M2GUH0_2;7;469;358;145;0.000000;77.307176;2.390000;1.470000
SIRP_C3M2GUH0_2;8;626;872;82;0.000000;74.463080;2.850000;1.600000
SIRP_C3M2GUH0_2;9;928;202;83;0.000000;58.717807;2.770000;1.580000
SIRP_C3M2GUH0_2;10;336;879;89;0.000000;11.383214;1.910000;1.310000
SIRP_C3M2GUH0_2;11;-890;896;61;0.000000;28.010461;0.640000;0.760000
SIRP_C3M2GUH0_2;12;681;-415;113;0.000000;62.932180;1.980000;1.330000
SIRP_C3M2GUH0_2;13;-290;154;100;0.000000;19.009998;1.740000;1.250000
SIRP_C3M2GUH0_2;14;-649;476;76;0.000000;75.451464;0.540000;0.700000
SIRP_C3M2GUH0_2;15;-561;-377;79;0.000000;30.902728;1.290000;1.080000
SIRP_C3M2GUH0_2;16;129;-39;72;0.000000;85.309771;2.550000;1.510000
SIRP_C3M2GUH0_2;17;-704;-322;82;0.000000;54.550945;2.060000;1.360000
SIRP_C3M2GUH0_2;18;48;566;55;0.000000;82.336323;2.830000;1.600000
SIRP_C3M2GUH0_2;19;136;448;116;0.000000;38.816762;2.390000;1.470000
SIRP_C3M2GUH0_2;20;540;-236;150;0.000000;23.704422;0.960000;0.930000
SIRP_C3M2GUH0_2;21;-609;504;140;0.000000;83.075262;2.280000;1.430000
SIRP_C3M2GUH0_2;22;129;39;144;0.000000;100.806531;0.620000;0.750000
SIRP_C3M2GUH0_2;23;-899;-122;69;0.000000;33.208868;2.670000;1.550000
SIRP_C3M2GUH0_2;24;-909;-954;91;0.000000;14.031658;1.240000;1.060000
SIRP_C2M3GUH0_7;0;0;0;0;0.000000;0.000000;0.000000;0.000000
SIRP_C2M3GUH0_7;1;104;-535;119;0.000000;109.839871;2.820000;1.590000
SIRP_C2M3GUH0_7;2;-225;-561;120;0.000000;116.972866;1.670000;1.230000
SIRP_C2M3GUH0_7;3;491;619;143;0.000000;75.006947;2.720000;1.560000
SIRP_C2M3GUH0_7;4;-476;61;136;0.000000;73.612548;2.760000;1.580000
SIRP_C2M3GUH0_7;5;-254;826;124;0.000000;101.619820;1.460000;1.150000
SIRP_C2M3GUH0_7;6;696;33;133;0.000000;98.586192;2.440000;1.480000
SIRP_C2M3GUH0_7;7;467;97;80;0.000000;108.895938;1.020000;0.960000
SIRP_C2M3GUH0_7;8;-591;544;119;0.000000;61.487675;1.490000;1.160000
SIRP_C2M3GUH0_7;9;-316;-430;106;0.000000;105.743514;0.930000;0.910000
SIRP_C2M3GUH0_7;10;64;722;134;0.000000;58.471910;1.270000;1.070000
SIRP_C2M3GUH0_7;11;-674;-194;103;0.000000;58.898755;2.940000;1.630000
SIRP_C2M3GUH0_7;12;515;552;150;0.000000;64.391604;2.090000;1.370000
SIRP_C2M3GUH0_7;13;270;156;136;0.000000;75.703407;1.310000;1.090000
SIRP_C2M3GUH0_7;14;-254;613;145;0.000000;13.069498;0.740000;0.820000
SIRP_C2M3GUH0_7;15;-324;941;54;0.000000;35.204306;2.640000;1.540000
SIRP_C2M3GUH0_7;16;-618;-621;97;0.000000;103.224507;2.830000;1.600000
SIRP_C2M3GUH0_7;17;-604;-834;67;0.000000;13.711679;2.970000;1.630000
SIRP_C3M2GUH0_3;0;0;0;0;0.000000;0.000000;0.000000;0.000000
SIRP_C3M2GUH0_3;1;515;-793;94;0.000000;21.859086;2.200000;1.410000
SIRP_C3M2GUH0_3;2;681;767;56;0.000000;57.531429;2.910000;1.620000
SIRP_C3M2GUH0_3;3;24;674;68;0.000000;80.633626;1.100000;0.990000
SIRP_C3M2GUH0_3;4;739;49;146;0.000000;55.259324;1.620000;1.210000
SIRP_C3M2GUH0_3;5;79;153;136;0.000000;40.360848;1.860000;1.290000
SIRP_C3M2GUH0_3;6;-461;-550;78;0.000000;99.579030;1.540000;1.180000
SIRP_C3M2GUH0_3;7;358;-254;85;0.000000;103.810998;1.870000;1.300000
SIRP_C3M2GUH0_3;8;-830;-697;121;0.000000;81.412180;1.430000;1.130000
SIRP_C3M2GUH0_3;9;487;-195;139;0.000000;24.569870;1.970000;1.330000
SIRP_C3M2GUH0_3;10;773;-718;102;0.000000;91.499843;2.950000;1.630000
SIRP_C3M2GUH0_3;11;-835;298;138;0.000000;76.834617;2.410000;1.470000
SIRP_C3M2GUH0_3;12;983;9;67;0.000000;90.829522;2.910000;1.620000
SIRP_C3M2GUH0_3;13;947;-273;112;0.000000;90.917843;1.550000;1.180000
SIRP_C3M2GUH0_3;14;721;-291;97;0.000000;71.961378;0.870000;0.880000
SIRP_C3M2GUH0_3;15;-41;949;58;0.000000;52.288402;1.010000;0.950000
SIRP_C3M2GUH0_3;16;271;941;150;0.000000;102.115560;1.080000;0.990000
SIRP_C3M2GUH0_3;17;-25;-399;119;0.000000;111.803312;2.420000;1.480000
SIRP_C3M2GUH0_3;18;-258;-695;119;0.000000;114.650019;1.060000;0.980000
SIRP_C3M2GUH0_3;19;-833;-506;129;0.000000;43.387444;1.900000;1.310000
SIRP_C3M2GUH0_3;20;-667;503;137;0.000000;33.260807;2.820000;1.590000
SIRP_C2M3GUH0_8;0;0;0;0;0.000000;0.000000;0.000000;0.000000
SIRP_C2M3GUH0_8;1;-338;-376;115;0.000000;74.269164;2.680000;1.550000
SIRP_C2M3GUH0_8;2;-322;-599;96;0.000000;106.510905;1.410000;1.130000
SIRP_C2M3GUH0_8;3;481;7;64;0.000000;92.933826;0.870000;0.880000
SIRP_C2M3GUH0_8;4;-777;-373;125;0.000000;115.308451;1.220000;1.050000
SIRP_C2M3GUH0_8;5;-317;904;108;0.000000;38.136169;0.980000;0.940000
SIRP_C2M3GUH0_8;6;-595;-690;139;0.000000;104.666934;2.420000;1.480000
SIRP_C2M3GUH0_8;7;-877;-253;132;0.000000;28.301508;2.850000;1.600000
SIRP_C2M3GUH0_8;8;209;-660;102;0.000000;11.454677;1.860000;1.290000
SIRP_C2M3GUH0_8;9;682;469;142;0.000000;14.211260;1.880000;1.300000
SIRP_C2M3GUH0_8;10;-9;9;60;0.000000;32.775459;1.910000;1.310000
SIRP_C2M3GUH0_8;11;-583;-3;117;0.000000;34.710552;2.240000;1.420000
SIRP_C2M3GUH0_8;12;56;841;136;0.000000;96.230694;2.580000;1.520000
SIRP_C3M2GUH0_4;0;0;0;0;0.000000;0.000000;0.000000;0.000000
SIRP_C3M2GUH0_4;1;-217;817;55;0.000000;49.799120;1.950000;1.320000
SIRP_C3M2GUH0_4;2;-710;-554;146;0.000000;106.927518;1.630000;1.210000
SIRP_C3M2GUH0_4;3;-861;-865;67;0.000000;97.025489;1.240000;1.060000
SIRP_C3M2GUH0_4;4;684;-211;97;0.000000;44.722394;2.290000;1.440000
SIRP_C3M2GUH0_4;5;995;186;71;0.000000;52.267910;0.870000;0.880000
SIRP_C3M2GUH0_4;6;-393;-267;101;0.000000;25.329665;2.030000;1.350000
SIRP_C3M2GUH0_4;7;-628;-608;86;0.000000;10.089870;1.750000;1.250000
SIRP_C3M2GUH0_4;8;184;-556;113;0.000000;114.507495;0.670000;0.780000
SIRP_C3M2GUH0_4;9;632;575;62;0.000000;30.294185;1.750000;1.250000
SIRP_C3M2GUH0_4;10;428;-96;87;0.000000;98.114733;1.350000;1.100000
SIRP_C3M2GUH0_4;11;-59;-367;135;0.000000;29.633753;0.530000;0.690000
SIRP_C3M2GUH0_4;12;-3;-254;105;0.000000;60.064376;1.620000;1.210000
SIRP_C3M2GUH0_4;13;12;858;114;0.000000;69.864129;1.010000;0.950000
SIRP_C3M2GUH0_4;14;-926;472;103;0.000000;30.334450;0.770000;0.830000
SIRP_C3M2GUH0_4;15;-346;111;75;0.000000;40.921043;2.220000;1.410000
SIRP_C3M2GUH0_4;16;-453;-667;108;0.000000;25.317526;1.880000;1.300000
SIRP_C3M2GUH0_4;17;-449;-539;116;0.000000;10.419474;1.480000;1.150000
SIRP_C3M2GUH0_4;18;605;-255;82;0.000000;50.497188;2.260000;1.430000
SIRP_C3M2GUH0_4;19;861;3;112;0.000000;102.331769;2.690000;1.560000
SIRP_C3M2GUH0_4;20;-606;-75;138;0.000000;34.210322;1.410000;1.130000
SIRP_C3M2GUH0_4;21;-786;-693;141;0.000000;57.604517;1.820000;1.280000
SIRP_C3M2GUH0_4;22;-319;-664;50;0.000000;53.289831;2.730000;1.570000
SIRP_C3M2GUH0_4;23;700;-535;122;0.000000;66.651063;1.170000;1.030000
SIRP_C3M2GUH0_4;24;735;312;55;0.000000;33.565328;1.630000;1.210000
SIRP_C3M2GUH0_4;25;945;-596;143;0.000000;15.211423;1.720000;1.240000
SIRP_C3M2GUH0_4;26;-140;-912;57;0.000000;46.327746;1.400000;1.120000
SIRP_C2M3GUH0_9;0;0;0;0;0.000000;0.000000;0.000000;0.000000
SIRP_C2M3GUH0_9;1;28;-523;88;0.000000;96.701336;2.730000;1.570000
SIRP_C2M3GUH0_9;2;-48;-254;125;0.000000;17.130651;0.910000;0.900000
SIRP_C2M3GUH0_9;3;-666;-949;124;0.000000;62.457571;1.710000;1.240000
SIRP_C2M3GUH0_9;4;-849;-670;136;0.000000;81.863029;2.250000;1.420000
SIRP_C2M3GUH0_9;5;684;83;124;0.000000;34.323384;0.930000;0.910000
SIRP_C2M3GUH0_9;6;-97;292;101;0.000000;68.753166;0.860000;0.880000
SIRP_C2M3GUH0_9;7;-647;-844;96;0.000000;14.451180;1.720000;1.240000
SIRP_C2M3GUH0_9;8;-918;-353;89;0.000000;81.177257;1.840000;1.290000
SIRP_C2M3GUH0_9;9;-951;-397;100;0.000000;76.199626;2.680000;1.550000
SIRP_C2M3GUH0_9;10;-120;-850;93;0.000000;80.915577;2.110000;1.380000
SIRP_C2M3GUH0_9;11;170;-705;68;0.000000;14.499999;1.090000;0.990000
SIRP_C2M3GUH0_9;12;878;-601;146;0.000000;70.036894;1.320000;1.090000
SIRP_C2M3GUH0_9;13;553;-849;85;0.000000;49.935672;2.580000;1.520000
SIRP_C2M3GUH0_9;14;-174;-909;86;0.000000;35.369107;0.910000;0.900000
SIRP_C2M3GUH0_9;15;199;-14;74;0.000000;118.645740;1.280000;1.070000
SIRP_C2M3GUH0_9;16;-959;752;52;0.000000;67.585611;1.300000;1.080000
SIRP_C2M3GUH0_9;17;-670;-420;100;0.000000;87.777448;2.000000;1.340000
SIRP_C3M2GUH0_5;0;0;0;0;0.000000;0.000000;0.000000;0.000000
SIRP_C3M2GUH0_5;1;197;572;100;0.000000;115.370763;2.370000;1.460000
SIRP_C3M2GUH0_5;2;-764;440;81;0.000000;118.033456;2.730000;1.570000
SIRP_C3M2GUH0_5;3;-439;-807;103;0.000000;68.068200;2.420000;1.480000
SIRP_C3M2GUH0_5;4;-93;-21;148;0.000000;24.787757;2.720000;1.560000
SIRP_C3M2GUH0_5;5;-494;876;84;0.000000;104.592965;1.110000;1.000000
SIRP_C3M2GUH0_5;6;72;216;125;0.000000;22.812840;1.730000;1.250000
SIRP_C3M2GUH0_5;7;-573;-445;81;0.000000;102.870989;1.950000;1.320000
SIRP_C3M2GUH0_5;8;-855;848;139;0.000000;17.254237;1.920000;1.310000
SIRP_C3M2GUH0_5;9;-459;-822;111;0.000000;64.933872;2.460000;1.490000
SIRP_C3M2GUH0_5;10;567;-387;114;0.000000;81.419124;2.500000;1.500000
SIRP_C3M2GUH0_5;11;-596;-328;85;0.000000;114.837411;2.400000;1.470000
SIRP_C3M2GUH0_5;12;-921;-364;59;0.000000;71.965336;2.930000;1.620000
SIRP_C3M2GUH0_5;13;90;903;115;0.000000;112.567034;2.680000;1.550000
SIRP_C3M2GUH0_5;14;-821;564;135;0.000000;52.978485;1.340000;1.100000
SIRP_C3M2GUH0_5;15;-371;-465;107;0.000000;21.249258;1.610000;1.200000
SIRP_C3M2GUH0_5;16;881;853;59;0.000000;74.794486;0.500000;0.670000
SIRP_C3M2GUH0_5;17;521;-13;52;0.000000;44.109694;2.360000;1.460000
SIRP_C3M2GUH0_5;18;-345;-970;95;0.000000;67.335351;1.540000;1.180000
SIRP_C3M2GUH0_5;19;453;-39;104;0.000000;111.534738;1.990000;1.340000
SIRP_C3M2GUH0_5;20;41;-828;66;0.000000;49.823502;1.260000;1.060000
SIRP_C3M2GUH0_5;21;-978;-438;143;0.000000;57.355598;2.060000;1.360000
SIRP_C3M2GUH0_5;22;-47;967;130;0.000000;86.977447;1.250000;1.060000
SIRP_C3M2GUH0_5;23;-995;88;133;0.000000;20.512449;0.820000;0.860000
SIRP_C3M2GUH0_5;24;-873;-793;65;0.000000;64.657619;1.300000;1.080000
SIRP_C3M2GUH0_5;25;-95;-134;126;0.000000;71.560477;1.990000;1.340000
SIRP_C3M2GUH0_5;26;-318;449;61;0.000000;58.102938;1.210000;1.040000
SIRP_C2M3GUH0_10;0;0;0;0;0.000000;0.000000;0.000000;0.000000
SIRP_C2M3GUH0_10;1;196;762;132;0.000000;90.531458;1.010000;0.950000
SIRP_C2M3GUH0_10;2;941;346;103;0.000000;39.158409;1.270000;1.070000
SIRP_C2M3GUH0_10;3;296;763;129;0.000000;106.091545;2.890000;1.610000
SIRP_C2M3GUH0_10;4;333;745;61;0.000000;33.361671;1.990000;1.340000
SIRP_C2M3GUH0_10;5;393;77;147;0.000000;81.911004;2.130000;1.380000
SIRP_C2M3GUH0_10;6;60;-437;90;0.000000;117.215720;2.750000;1.570000
SIRP_C2M3GUH0_10;7;-481;-351;92;0.000000;27.861736;2.900000;1.620000
SIRP_C2M3GUH0_10;8;-503;80;116;0.000000;97.670465;1.550000;1.180000
SIRP_C2M3GUH0_10;9;985;852;118;0.000000;106.283846;1.460000;1.150000
SIRP_C2M3GUH0_10;10;366;-428;51;0.000000;89.380957;1.000000;0.950000
SIRP_C2M3GUH0_10;11;-838;610;85;0.000000;14.450311;1.680000;1.230000
SIRP_C2M3GUH0_10;12;-914;-472;124;0.000000;64.479142;2.120000;1.380000
SIRP_C2M3GUH0_10;13;454;-513;62;0.000000;56.971139;0.650000;0.760000
SIRP_C2M3GUH0_10;14;-466;-889;150;0.000000;74.399085;0.610000;0.740000
